resume_text,role
java docker python microservices management system project,Software Engineer
python apis sql java development team system,Software Engineer
java microservices apis c++ project system tools,Software Engineer
java apis sql docker tools team development,Software Engineer
apis sql c++ docker development system project,Software Engineer
c++ python cloud apis project team tools,Software Engineer
cloud c++ java python team project development,Software Engineer
java c++ docker python team experience system,Software Engineer
java sql cloud python management system development,Software Engineer
c++ cloud docker java management project experience,Software Engineer
sql apis java docker development management business,Software Engineer
python apis docker c++ team system experience,Software Engineer
docker java sql python development project tools,Software Engineer
apis c++ java microservices development tools business,Software Engineer
java docker cloud sql tools management experience,Software Engineer
docker microservices apis cloud team system tools,Software Engineer
cloud apis python c++ tools development management,Software Engineer
sql java c++ microservices project team business,Software Engineer
microservices java cloud python team project development,Software Engineer
docker cloud java c++ project experience system,Software Engineer
python java docker cloud development management tools,Software Engineer
python cloud sql c++ team business development,Software Engineer
java apis c++ microservices business experience tools,Software Engineer
cloud java apis c++ tools project experience,Software Engineer
apis microservices docker sql business system management,Software Engineer
java microservices c++ apis development business experience,Software Engineer
python sql java c++ business management project,Software Engineer
docker java c++ microservices system development experience,Software Engineer
java apis python sql development experience management,Software Engineer
java microservices c++ apis tools management business,Software Engineer
python cloud apis sql development project management,Software Engineer
sql docker cloud java tools management project,Software Engineer
c++ docker microservices apis experience system tools,Software Engineer
cloud microservices docker python team project management,Software Engineer
apis cloud python microservices experience team project,Software Engineer
apis python c++ java project team development,Software Engineer
apis cloud docker java business team development,Software Engineer
docker c++ cloud sql experience team management,Software Engineer
python java sql c++ management business system,Software Engineer
microservices c++ java docker team business development,Software Engineer
python c++ docker sql tools management project,Software Engineer
docker apis c++ python development tools project,Software Engineer
java python docker sql development business tools,Software Engineer
sql python microservices c++ system team management,Software Engineer
sql cloud apis microservices system development project,Software Engineer
c++ microservices docker apis tools development experience,Software Engineer
java c++ python sql system management experience,Software Engineer
apis c++ cloud java experience system tools,Software Engineer
cloud apis java c++ development experience project,Software Engineer
java docker python microservices management project business,Software Engineer
python microservices sql docker system team development,Software Engineer
c++ python java sql tools business management,Software Engineer
sql apis microservices java system team experience,Software Engineer
docker python microservices java tools business management,Software Engineer
apis c++ python cloud tools management experience,Software Engineer
c++ java cloud microservices business team system,Software Engineer
sql java python c++ development tools business,Software Engineer
c++ apis sql java development tools experience,Software Engineer
cloud c++ java python tools team project,Software Engineer
java apis microservices cloud team development experience,Software Engineer
apis microservices python sql tools management system,Software Engineer
sql cloud c++ java management business system,Software Engineer
apis sql c++ docker experience team business,Software Engineer
java sql python apis system development management,Software Engineer
cloud java sql apis system tools team,Software Engineer
c++ python sql cloud system development tools,Software Engineer
java cloud apis sql team project management,Software Engineer
python microservices cloud java project business management,Software Engineer
cloud java c++ microservices system tools management,Software Engineer
c++ cloud microservices docker management project team,Software Engineer
cloud java sql docker experience system project,Software Engineer
docker python java sql management development system,Software Engineer
sql c++ python microservices business team tools,Software Engineer
microservices sql apis docker experience management project,Software Engineer
apis microservices cloud c++ project tools team,Software Engineer
python sql c++ docker management experience project,Software Engineer
microservices sql python cloud business development team,Software Engineer
c++ microservices apis cloud tools development business,Software Engineer
microservices cloud python c++ development system management,Software Engineer
sql docker python microservices team system management,Software Engineer
python cloud apis java development experience management,Software Engineer
python microservices c++ apis team tools management,Software Engineer
cloud apis microservices sql project business team,Software Engineer
cloud java docker c++ experience management project,Software Engineer
microservices apis cloud sql development team tools,Software Engineer
java c++ sql docker management system experience,Software Engineer
apis python c++ microservices business tools system,Software Engineer
sql docker java apis experience management business,Software Engineer
c++ apis cloud python tools management business,Software Engineer
java c++ sql cloud system project team,Software Engineer
python java sql cloud team development system,Software Engineer
java microservices apis docker development system tools,Software Engineer
apis microservices sql docker experience project team,Software Engineer
c++ java python docker tools project experience,Software Engineer
python apis docker java tools project business,Software Engineer
sql apis c++ cloud business experience project,Software Engineer
microservices docker c++ sql business management system,Software Engineer
sql microservices java docker system tools experience,Software Engineer
microservices java sql docker development system team,Software Engineer
cloud apis microservices docker development management tools,Software Engineer
microservices cloud java docker development experience management,Software Engineer
docker apis c++ python development team tools,Software Engineer
c++ java microservices sql tools project management,Software Engineer
docker sql microservices java system management project,Software Engineer
java apis cloud python project management tools,Software Engineer
docker cloud apis c++ management experience business,Software Engineer
sql java apis microservices tools system project,Software Engineer
microservices sql python c++ development experience project,Software Engineer
docker apis c++ sql system development project,Software Engineer
sql cloud c++ apis tools team business,Software Engineer
sql cloud apis microservices management business development,Software Engineer
apis python cloud java project development management,Software Engineer
c++ microservices docker apis system business team,Software Engineer
sql microservices apis python business system development,Software Engineer
sql c++ apis docker business system tools,Software Engineer
microservices docker apis python development experience business,Software Engineer
c++ microservices python sql experience project development,Software Engineer
microservices sql python java system team business,Software Engineer
apis sql docker microservices project business system,Software Engineer
apis microservices cloud python business management team,Software Engineer
java python cloud microservices team management development,Software Engineer
microservices sql docker cloud management team tools,Software Engineer
sql microservices java c++ project development system,Software Engineer
cloud apis docker sql project business management,Software Engineer
c++ cloud java docker development team management,Software Engineer
sql python microservices cloud project development management,Software Engineer
c++ microservices java apis team tools development,Software Engineer
c++ docker java python project system business,Software Engineer
sql docker c++ java development experience team,Software Engineer
docker python java sql tools management project,Software Engineer
java cloud microservices c++ system project management,Software Engineer
c++ sql docker cloud management project team,Software Engineer
cloud docker apis java development project management,Software Engineer
java docker python sql development business team,Software Engineer
java docker cloud python development tools team,Software Engineer
microservices sql apis java business project management,Software Engineer
c++ java docker python management project experience,Software Engineer
docker apis sql python tools experience development,Software Engineer
docker java sql microservices experience tools project,Software Engineer
docker apis sql microservices project business development,Software Engineer
c++ apis python docker tools experience system,Software Engineer
python microservices apis java tools system business,Software Engineer
python c++ java microservices system tools development,Software Engineer
python microservices sql cloud project experience system,Software Engineer
docker apis java python project management tools,Software Engineer
apis microservices c++ python management system experience,Software Engineer
java python apis cloud system experience team,Software Engineer
java microservices docker python business tools system,Software Engineer
apis microservices java sql experience business development,Software Engineer
cloud python docker sql project development team,Software Engineer
c++ sql cloud java development team experience,Software Engineer
apis java docker sql business tools management,Software Engineer
apis microservices cloud java tools development team,Software Engineer
cloud c++ java python development team tools,Software Engineer
sql c++ java apis project team management,Software Engineer
docker cloud c++ python management business tools,Software Engineer
microservices c++ docker cloud experience project business,Software Engineer
c++ python apis cloud system development tools,Software Engineer
microservices c++ cloud python business development tools,Software Engineer
python docker microservices java business experience management,Software Engineer
docker sql microservices python development team tools,Software Engineer
python c++ microservices docker tools business development,Software Engineer
python apis c++ docker project system business,Software Engineer
apis docker python java business system development,Software Engineer
cloud apis python c++ business experience team,Software Engineer
docker cloud c++ java business tools experience,Software Engineer
java c++ docker apis project management tools,Software Engineer
c++ python docker sql experience business system,Software Engineer
java cloud c++ python team experience development,Software Engineer
cloud java python c++ management business tools,Software Engineer
sql apis docker microservices business management experience,Software Engineer
docker python c++ apis tools team management,Software Engineer
python sql cloud docker project team experience,Software Engineer
microservices docker c++ python business management team,Software Engineer
apis sql python cloud tools experience development,Software Engineer
microservices docker java cloud development team management,Software Engineer
c++ java sql cloud experience management business,Software Engineer
python docker c++ apis business development management,Software Engineer
java sql microservices cloud business development project,Software Engineer
docker cloud java sql business project management,Software Engineer
sql microservices python apis development team business,Software Engineer
cloud python docker apis experience project development,Software Engineer
docker java cloud python system business project,Software Engineer
python microservices java apis team management system,Software Engineer
cloud microservices python apis management team tools,Software Engineer
c++ java cloud docker system management project,Software Engineer
c++ cloud sql microservices management tools development,Software Engineer
microservices docker cloud python tools system team,Software Engineer
docker apis cloud microservices project experience business,Software Engineer
c++ sql java microservices project management development,Software Engineer
microservices java sql c++ project business tools,Software Engineer
java c++ python docker system tools experience,Software Engineer
docker c++ java microservices project development experience,Software Engineer
apis cloud microservices python team project tools,Software Engineer
python microservices apis cloud system business team,Software Engineer
sql docker cloud c++ project experience business,Software Engineer
c++ java apis python project system team,Software Engineer
c++ apis microservices java system team business,Software Engineer
microservices sql apis cloud project tools team,Software Engineer
cloud apis java python management tools team,Software Engineer
html responsive ui react business management system,Frontend Developer
web html ui responsive development system team,Frontend Developer
css web javascript react management team experience,Frontend Developer
frontend responsive web javascript team development project,Frontend Developer
html web react css project management experience,Frontend Developer
react ui web responsive experience management tools,Frontend Developer
responsive css web ui system experience development,Frontend Developer
responsive ui html javascript project experience management,Frontend Developer
javascript react html css management tools system,Frontend Developer
web html javascript react management team system,Frontend Developer
responsive javascript html react experience system development,Frontend Developer
html javascript ui responsive development system experience,Frontend Developer
javascript responsive react frontend tools team development,Frontend Developer
javascript frontend html ui management tools project,Frontend Developer
css frontend responsive web experience business management,Frontend Developer
responsive css frontend react system project tools,Frontend Developer
frontend html css ui project management team,Frontend Developer
javascript responsive css ui business development tools,Frontend Developer
javascript react responsive ui system development business,Frontend Developer
responsive html ui frontend tools business team,Frontend Developer
frontend javascript web ui experience development system,Frontend Developer
ui web javascript responsive project team management,Frontend Developer
html ui css web system experience tools,Frontend Developer
frontend html web javascript development project system,Frontend Developer
react css responsive web development system experience,Frontend Developer
frontend css responsive javascript management tools project,Frontend Developer
web react html css business team system,Frontend Developer
javascript ui responsive web system development business,Frontend Developer
react html web css tools business project,Frontend Developer
html javascript react responsive experience development team,Frontend Developer
responsive css html web project team system,Frontend Developer
responsive html react ui project system experience,Frontend Developer
responsive css html web tools management team,Frontend Developer
css web frontend ui system team experience,Frontend Developer
css html ui frontend business team system,Frontend Developer
responsive frontend react css experience management system,Frontend Developer
ui react html frontend development team experience,Frontend Developer
javascript html web responsive development system tools,Frontend Developer
css javascript responsive ui business team development,Frontend Developer
html web ui css management team business,Frontend Developer
web responsive css frontend development system business,Frontend Developer
html web ui react team project system,Frontend Developer
frontend react javascript html system management development,Frontend Developer
javascript css responsive frontend business system development,Frontend Developer
javascript responsive react css management team experience,Frontend Developer
react javascript ui responsive business team management,Frontend Developer
html css responsive frontend tools project business,Frontend Developer
web frontend javascript css project business experience,Frontend Developer
web responsive css html team tools development,Frontend Developer
frontend ui javascript responsive system development tools,Frontend Developer
frontend web html css development team management,Frontend Developer
html web react frontend tools experience system,Frontend Developer
frontend responsive css html tools experience business,Frontend Developer
javascript react css web tools project development,Frontend Developer
react css frontend responsive team system business,Frontend Developer
frontend web css html tools experience business,Frontend Developer
frontend javascript css ui system tools project,Frontend Developer
react responsive javascript ui management business development,Frontend Developer
web css javascript react development experience tools,Frontend Developer
html responsive ui frontend experience tools team,Frontend Developer
ui frontend html css experience system management,Frontend Developer
css javascript html ui development system experience,Frontend Developer
css web react ui team tools system,Frontend Developer
css ui html react management tools business,Frontend Developer
responsive frontend ui react experience system tools,Frontend Developer
responsive css frontend html development tools team,Frontend Developer
ui css frontend react team development system,Frontend Developer
frontend javascript css react tools management business,Frontend Developer
css frontend html responsive experience development team,Frontend Developer
javascript responsive frontend web development tools system,Frontend Developer
css frontend responsive html project team experience,Frontend Developer
responsive html web css management team tools,Frontend Developer
html responsive ui web system team management,Frontend Developer
css responsive html react system management team,Frontend Developer
javascript frontend web responsive business system management,Frontend Developer
css responsive react frontend management system development,Frontend Developer
react css javascript html team experience project,Frontend Developer
javascript responsive web frontend experience system management,Frontend Developer
javascript html web ui project development system,Frontend Developer
javascript ui css responsive management team development,Frontend Developer
responsive html react frontend tools system experience,Frontend Developer
html frontend responsive react system development tools,Frontend Developer
javascript react frontend html team management tools,Frontend Developer
responsive frontend ui html project team business,Frontend Developer
css ui html responsive management tools development,Frontend Developer
ui frontend javascript responsive system experience development,Frontend Developer
responsive html frontend ui management business experience,Frontend Developer
web javascript html responsive system team development,Frontend Developer
ui react css html project management tools,Frontend Developer
responsive html react css development team project,Frontend Developer
ui javascript html web development experience business,Frontend Developer
css javascript responsive html business project management,Frontend Developer
react html frontend web experience project team,Frontend Developer
css ui frontend responsive development project system,Frontend Developer
responsive web ui frontend management business project,Frontend Developer
javascript frontend css web management project development,Frontend Developer
web html javascript css business team experience,Frontend Developer
responsive web css ui team project tools,Frontend Developer
css ui web react business management development,Frontend Developer
css html frontend responsive experience team business,Frontend Developer
css react html ui team project system,Frontend Developer
web html react ui tools development team,Frontend Developer
responsive react css ui system tools management,Frontend Developer
javascript css web react tools development experience,Frontend Developer
frontend javascript react ui project experience system,Frontend Developer
frontend javascript web html tools management business,Frontend Developer
javascript html responsive ui project tools development,Frontend Developer
react ui html css team management experience,Frontend Developer
css react html frontend system team management,Frontend Developer
html javascript ui web experience system team,Frontend Developer
javascript html frontend ui experience development tools,Frontend Developer
web javascript react frontend team management tools,Frontend Developer
css responsive frontend web development business tools,Frontend Developer
react responsive frontend css development management team,Frontend Developer
frontend react javascript html experience development system,Frontend Developer
responsive css web javascript development management team,Frontend Developer
frontend responsive ui react team development experience,Frontend Developer
javascript responsive frontend web experience tools team,Frontend Developer
frontend web javascript responsive project team experience,Frontend Developer
css web frontend javascript tools management team,Frontend Developer
html javascript react web tools business system,Frontend Developer
ui javascript web css team system tools,Frontend Developer
ui javascript css frontend project business management,Frontend Developer
responsive javascript react web development tools team,Frontend Developer
frontend css responsive html development management team,Frontend Developer
react responsive css frontend project team business,Frontend Developer
frontend web javascript css business experience team,Frontend Developer
javascript web ui frontend business experience management,Frontend Developer
css frontend html ui experience tools team,Frontend Developer
javascript react ui web tools development experience,Frontend Developer
react ui html responsive project team management,Frontend Developer
web html react css experience development project,Frontend Developer
html frontend react responsive business experience tools,Frontend Developer
ui css web responsive project system management,Frontend Developer
frontend web css html project management business,Frontend Developer
web html responsive javascript development tools experience,Frontend Developer
responsive javascript css web system project development,Frontend Developer
html ui frontend javascript experience management development,Frontend Developer
responsive frontend ui web management experience development,Frontend Developer
ui frontend react css system team project,Frontend Developer
responsive javascript ui frontend system project development,Frontend Developer
react javascript frontend responsive team experience development,Frontend Developer
frontend html css react business system project,Frontend Developer
html ui web javascript development experience business,Frontend Developer
ui responsive css web development experience management,Frontend Developer
frontend javascript web html management business tools,Frontend Developer
web html css javascript management team experience,Frontend Developer
react frontend javascript responsive system project experience,Frontend Developer
web css javascript frontend system management team,Frontend Developer
responsive react css ui team experience project,Frontend Developer
html ui web react tools management experience,Frontend Developer
css ui responsive javascript experience management team,Frontend Developer
ui responsive css web tools experience management,Frontend Developer
javascript react css web development team management,Frontend Developer
web css responsive frontend management experience team,Frontend Developer
ui frontend javascript html system business tools,Frontend Developer
frontend css web html experience tools management,Frontend Developer
css html react responsive business system team,Frontend Developer
react css responsive ui tools project development,Frontend Developer
web responsive ui html management experience project,Frontend Developer
javascript responsive frontend css tools business development,Frontend Developer
react html web responsive development business team,Frontend Developer
web css html react management team development,Frontend Developer
javascript frontend react web business team system,Frontend Developer
css ui frontend react tools management development,Frontend Developer
ui html react javascript business experience project,Frontend Developer
html css ui frontend management project business,Frontend Developer
ui web react javascript development business system,Frontend Developer
web responsive html react business team project,Frontend Developer
css frontend javascript web business development tools,Frontend Developer
javascript ui react responsive business tools project,Frontend Developer
css frontend web javascript system development tools,Frontend Developer
responsive html javascript frontend team development experience,Frontend Developer
html react frontend responsive business management development,Frontend Developer
web html ui responsive management business project,Frontend Developer
ui html react css experience management business,Frontend Developer
responsive javascript css frontend management project system,Frontend Developer
ui html javascript responsive project system tools,Frontend Developer
frontend web responsive react experience project development,Frontend Developer
web ui react html management team experience,Frontend Developer
responsive html react frontend development experience team,Frontend Developer
react web javascript frontend business team experience,Frontend Developer
frontend javascript react ui system experience management,Frontend Developer
react responsive web javascript management tools experience,Frontend Developer
html javascript css react management experience development,Frontend Developer
html javascript responsive web tools business experience,Frontend Developer
ui html web javascript project business tools,Frontend Developer
web css frontend responsive system tools development,Frontend Developer
react responsive web javascript business team system,Frontend Developer
frontend react javascript html management development business,Frontend Developer
react javascript web css experience management system,Frontend Developer
web frontend ui responsive management team development,Frontend Developer
web ui css responsive development management business,Frontend Developer
web responsive css react tools business project,Frontend Developer
css javascript ui html project management team,Frontend Developer
responsive react frontend html project management experience,Frontend Developer
frontend html ui css project tools management,Frontend Developer
javascript ui responsive css team tools development,Frontend Developer
responsive javascript html react project experience development,Frontend Developer
javascript frontend web css project development experience,Frontend Developer
sql python rest api experience system management,Backend Developer
docker python sql microservices business management team,Backend Developer
docker sql microservices api management tools system,Backend Developer
sql python microservices node tools business project,Backend Developer
sql docker python node development experience team,Backend Developer
api node python microservices team tools business,Backend Developer
python sql api node development business experience,Backend Developer
node rest docker python development management business,Backend Developer
api node sql python project management development,Backend Developer
rest python microservices node business system team,Backend Developer
rest api python docker business development system,Backend Developer
api rest python docker tools system business,Backend Developer
microservices node python rest team tools business,Backend Developer
api python microservices node business system project,Backend Developer
docker backend api node tools development experience,Backend Developer
rest sql api microservices development business system,Backend Developer
python docker node backend management team development,Backend Developer
python backend docker microservices business development team,Backend Developer
python node api backend development experience management,Backend Developer
backend microservices sql api experience project team,Backend Developer
docker sql node microservices system project management,Backend Developer
python docker rest microservices business project team,Backend Developer
docker microservices backend node development team tools,Backend Developer
python backend sql rest tools project management,Backend Developer
python sql node microservices business project experience,Backend Developer
api docker rest sql team management business,Backend Developer
sql rest microservices backend development system project,Backend Developer
microservices docker sql node tools system development,Backend Developer
node backend microservices rest management business experience,Backend Developer
node docker python sql business tools experience,Backend Developer
python backend rest microservices system team management,Backend Developer
backend docker python api experience development team,Backend Developer
microservices python sql api project business experience,Backend Developer
rest sql node microservices development team experience,Backend Developer
api python rest microservices experience team development,Backend Developer
api docker python sql project team management,Backend Developer
node python backend api tools business experience,Backend Developer
sql node rest microservices system development experience,Backend Developer
sql rest node docker tools experience business,Backend Developer
microservices python api docker team development management,Backend Developer
api sql python docker experience management business,Backend Developer
backend api rest node tools development experience,Backend Developer
backend python sql docker development tools system,Backend Developer
backend sql python rest project development tools,Backend Developer
docker backend rest node business team tools,Backend Developer
rest node microservices backend management system tools,Backend Developer
backend docker python api system tools development,Backend Developer
python docker sql microservices team tools management,Backend Developer
sql backend microservices rest business team system,Backend Developer
docker python backend sql management team business,Backend Developer
docker rest python node business management project,Backend Developer
rest node microservices api development management experience,Backend Developer
api microservices rest backend tools project experience,Backend Developer
python microservices api node system development team,Backend Developer
node sql docker rest management experience team,Backend Developer
sql microservices api backend team system management,Backend Developer
backend api sql node experience management project,Backend Developer
rest microservices python node management development team,Backend Developer
python docker microservices backend experience development system,Backend Developer
node docker python rest project tools experience,Backend Developer
rest node microservices sql system business development,Backend Developer
python node sql backend team business project,Backend Developer
node api python docker development project business,Backend Developer
microservices backend api docker project development team,Backend Developer
api sql rest python project system team,Backend Developer
backend sql rest api tools project management,Backend Developer
node rest sql docker tools management project,Backend Developer
api python node microservices development team tools,Backend Developer
rest api docker backend team tools experience,Backend Developer
sql rest api docker team management business,Backend Developer
rest python microservices docker business team experience,Backend Developer
sql rest backend docker tools management business,Backend Developer
microservices backend docker sql tools business team,Backend Developer
backend python api docker team experience project,Backend Developer
microservices node rest api system team project,Backend Developer
microservices backend python sql project experience system,Backend Developer
docker microservices node python development experience business,Backend Developer
microservices sql docker python management business system,Backend Developer
python node sql backend system tools management,Backend Developer
docker sql node rest business system experience,Backend Developer
sql rest backend python tools project development,Backend Developer
node api backend rest project system development,Backend Developer
rest microservices backend sql development system experience,Backend Developer
microservices backend docker sql project system team,Backend Developer
api backend docker python development tools management,Backend Developer
sql docker python backend system team project,Backend Developer
api docker backend sql team business experience,Backend Developer
api microservices docker backend development team tools,Backend Developer
docker sql microservices backend business project tools,Backend Developer
backend sql microservices python project team management,Backend Developer
docker sql backend python experience team system,Backend Developer
rest backend python docker development experience business,Backend Developer
node sql python docker team experience system,Backend Developer
microservices rest sql python experience tools management,Backend Developer
backend docker rest node experience system project,Backend Developer
sql microservices api backend development experience system,Backend Developer
api docker node python development experience tools,Backend Developer
sql api microservices node experience business management,Backend Developer
node microservices docker python system project tools,Backend Developer
rest microservices node python system project team,Backend Developer
python docker sql backend development experience system,Backend Developer
docker python rest node project management business,Backend Developer
docker sql backend microservices development experience project,Backend Developer
rest microservices docker sql experience team management,Backend Developer
backend docker sql node management system tools,Backend Developer
rest python microservices sql management system business,Backend Developer
docker node backend python business experience team,Backend Developer
docker backend api rest business project team,Backend Developer
api sql docker microservices team development management,Backend Developer
docker sql node rest tools development system,Backend Developer
api backend microservices sql development project tools,Backend Developer
sql docker backend api experience management project,Backend Developer
docker sql microservices api project business system,Backend Developer
api backend sql python project team management,Backend Developer
python api backend node team management system,Backend Developer
microservices node python docker business development experience,Backend Developer
python sql microservices rest development project tools,Backend Developer
rest backend microservices docker business tools development,Backend Developer
python docker backend sql development experience management,Backend Developer
node python docker sql management business system,Backend Developer
api python rest microservices project management experience,Backend Developer
microservices python node rest project system development,Backend Developer
python node rest api system business development,Backend Developer
api sql docker microservices business development team,Backend Developer
docker sql microservices api business team tools,Backend Developer
api backend node python project system business,Backend Developer
microservices node docker rest team tools experience,Backend Developer
rest backend api python team project system,Backend Developer
rest python sql backend management experience project,Backend Developer
node sql python api project management tools,Backend Developer
docker node backend rest business management team,Backend Developer
python api microservices node tools experience project,Backend Developer
backend sql python node experience business tools,Backend Developer
api python node microservices experience development management,Backend Developer
python rest backend microservices development project tools,Backend Developer
api sql rest node team development system,Backend Developer
backend sql docker rest management business experience,Backend Developer
microservices python backend api system management development,Backend Developer
node rest backend api tools business system,Backend Developer
backend api microservices python management tools development,Backend Developer
docker sql microservices python system business team,Backend Developer
docker sql rest api development experience business,Backend Developer
sql api rest node experience tools system,Backend Developer
sql docker microservices python management development project,Backend Developer
api microservices docker node system development management,Backend Developer
microservices backend sql rest team project business,Backend Developer
microservices rest sql api development management team,Backend Developer
python api docker microservices business project experience,Backend Developer
node docker backend microservices tools system experience,Backend Developer
api node microservices docker project development business,Backend Developer
microservices node api sql business development tools,Backend Developer
api microservices docker node system project business,Backend Developer
python api backend microservices experience development project,Backend Developer
node microservices backend sql management business experience,Backend Developer
microservices rest node docker business development team,Backend Developer
microservices node rest api experience business system,Backend Developer
microservices sql rest docker project management system,Backend Developer
api rest node python experience team business,Backend Developer
backend sql microservices docker management team experience,Backend Developer
backend docker api python experience team business,Backend Developer
api backend python microservices tools development team,Backend Developer
sql node api docker experience business development,Backend Developer
docker api rest sql project management team,Backend Developer
sql backend api docker development tools experience,Backend Developer
python rest docker sql management team business,Backend Developer
api rest backend python project system management,Backend Developer
python api docker microservices team tools system,Backend Developer
backend rest api sql project system development,Backend Developer
node api sql docker business tools experience,Backend Developer
microservices backend python node tools management development,Backend Developer
sql docker api rest experience system tools,Backend Developer
backend docker microservices rest experience system team,Backend Developer
rest node python microservices tools team business,Backend Developer
rest node api docker team development project,Backend Developer
backend python api docker team experience business,Backend Developer
microservices python api rest system development management,Backend Developer
docker backend microservices rest business management system,Backend Developer
api microservices sql node development system management,Backend Developer
python docker rest api management system experience,Backend Developer
python sql api docker team business experience,Backend Developer
docker rest python api system tools experience,Backend Developer
docker python sql rest development tools team,Backend Developer
api rest microservices node experience team tools,Backend Developer
microservices sql docker rest system management project,Backend Developer
sql rest api python business team project,Backend Developer
backend microservices sql node experience development tools,Backend Developer
python node rest microservices development team system,Backend Developer
rest api microservices backend system experience tools,Backend Developer
api docker node rest project development team,Backend Developer
sql node backend microservices system project team,Backend Developer
api python backend docker business system development,Backend Developer
python backend microservices rest tools team business,Backend Developer
sql docker python backend tools business team,Backend Developer
rest microservices sql node project system tools,Backend Developer
microservices python rest backend project tools team,Backend Developer
api python backend node project experience management,Backend Developer
backend microservices api python system management business,Backend Developer
microservices rest backend api project team tools,Backend Developer
sql docker api microservices management experience tools,Backend Developer
sql api backend python development system project,Backend Developer
analytics excel reporting analysis team tools development,Data Analyst
analysis powerbi excel sql team development project,Data Analyst
analysis reporting excel analytics business team system,Data Analyst
excel analysis sql reporting management team project,Data Analyst
tableau reporting excel analytics business management experience,Data Analyst
analysis powerbi sql tableau business team tools,Data Analyst
powerbi reporting tableau analytics team development management,Data Analyst
powerbi analytics analysis reporting project team management,Data Analyst
analysis analytics sql excel business development system,Data Analyst
analysis powerbi sql reporting management project business,Data Analyst
analysis analytics sql tableau development team management,Data Analyst
excel reporting sql powerbi project tools system,Data Analyst
analytics analysis powerbi excel project management team,Data Analyst
sql tableau analysis analytics business development project,Data Analyst
excel reporting analytics analysis project experience development,Data Analyst
powerbi sql analysis analytics system team management,Data Analyst
analytics sql reporting powerbi team system project,Data Analyst
analysis powerbi excel analytics development system team,Data Analyst
reporting tableau analysis excel project system management,Data Analyst
analysis sql analytics reporting management tools business,Data Analyst
excel reporting powerbi sql tools team project,Data Analyst
powerbi tableau analysis excel management project development,Data Analyst
reporting analysis tableau powerbi team system project,Data Analyst
tableau reporting analysis powerbi project management business,Data Analyst
sql tableau analysis analytics tools development team,Data Analyst
excel reporting tableau sql development business tools,Data Analyst
excel tableau analytics sql tools management team,Data Analyst
analytics sql analysis powerbi system project team,Data Analyst
analytics sql excel analysis project development management,Data Analyst
sql excel analysis tableau tools experience team,Data Analyst
analysis excel powerbi reporting project team management,Data Analyst
tableau sql powerbi excel management team system,Data Analyst
analysis reporting powerbi sql project experience system,Data Analyst
analysis reporting powerbi analytics business development system,Data Analyst
reporting tableau sql analysis project team experience,Data Analyst
analysis sql analytics powerbi experience management system,Data Analyst
analytics reporting powerbi excel management business development,Data Analyst
analysis tableau sql excel experience tools management,Data Analyst
analysis reporting sql tableau project management system,Data Analyst
reporting powerbi sql tableau business experience system,Data Analyst
sql reporting excel analytics development team experience,Data Analyst
powerbi sql analysis analytics management business team,Data Analyst
analytics powerbi reporting tableau experience development tools,Data Analyst
sql tableau reporting excel business development management,Data Analyst
excel analysis tableau analytics development business project,Data Analyst
excel powerbi tableau analysis management tools experience,Data Analyst
tableau reporting excel sql team experience project,Data Analyst
tableau excel analytics powerbi experience development project,Data Analyst
analysis tableau powerbi sql project business team,Data Analyst
analysis tableau excel powerbi experience system tools,Data Analyst
analysis reporting excel tableau project tools business,Data Analyst
powerbi excel analysis reporting management business project,Data Analyst
powerbi analysis sql reporting tools development team,Data Analyst
analytics reporting tableau powerbi project experience business,Data Analyst
reporting sql analytics powerbi business project experience,Data Analyst
tableau sql analytics powerbi business system team,Data Analyst
analytics excel reporting tableau business project team,Data Analyst
analysis sql reporting analytics system team business,Data Analyst
analytics sql excel reporting system project management,Data Analyst
reporting sql excel powerbi tools team system,Data Analyst
powerbi sql analysis tableau project development system,Data Analyst
sql analysis powerbi tableau tools system business,Data Analyst
analysis reporting analytics excel tools project development,Data Analyst
analytics tableau reporting sql experience management business,Data Analyst
excel powerbi sql analysis system management project,Data Analyst
analytics analysis excel sql development business tools,Data Analyst
reporting excel powerbi analytics development business experience,Data Analyst
sql reporting powerbi tableau business project tools,Data Analyst
analytics tableau reporting powerbi tools system experience,Data Analyst
excel powerbi reporting tableau development team management,Data Analyst
analysis excel reporting analytics management tools experience,Data Analyst
analysis analytics reporting excel team tools project,Data Analyst
sql powerbi tableau reporting system development experience,Data Analyst
analytics excel reporting tableau experience tools business,Data Analyst
excel sql analysis reporting project development team,Data Analyst
powerbi reporting sql analysis team system project,Data Analyst
analysis sql analytics reporting experience team business,Data Analyst
reporting powerbi analytics sql experience system business,Data Analyst
analytics analysis excel reporting business team management,Data Analyst
analysis tableau analytics reporting business project management,Data Analyst
excel reporting analysis tableau experience business project,Data Analyst
powerbi sql reporting tableau system tools experience,Data Analyst
analysis powerbi analytics excel system project development,Data Analyst
reporting tableau analytics sql system tools project,Data Analyst
analytics excel reporting powerbi system development management,Data Analyst
analysis tableau reporting powerbi team development system,Data Analyst
powerbi sql analysis excel business experience tools,Data Analyst
reporting analytics powerbi tableau business experience development,Data Analyst
analysis sql excel tableau tools management team,Data Analyst
analysis powerbi reporting excel system tools experience,Data Analyst
excel analysis powerbi analytics management business tools,Data Analyst
tableau powerbi excel analytics development system project,Data Analyst
tableau sql analytics excel development business management,Data Analyst
analysis tableau sql reporting team business management,Data Analyst
tableau reporting analysis excel system development team,Data Analyst
excel reporting sql tableau team project management,Data Analyst
analysis analytics powerbi tableau team experience tools,Data Analyst
analysis tableau powerbi excel team system development,Data Analyst
tableau analytics excel reporting development team management,Data Analyst
sql tableau analytics excel development system tools,Data Analyst
analytics tableau sql analysis project team management,Data Analyst
powerbi reporting tableau analytics management experience tools,Data Analyst
analytics reporting analysis sql team tools development,Data Analyst
analysis reporting excel tableau tools team project,Data Analyst
reporting analytics excel tableau business management tools,Data Analyst
excel sql reporting analytics project tools business,Data Analyst
sql powerbi analysis analytics system development business,Data Analyst
analysis analytics sql excel experience system team,Data Analyst
powerbi reporting analytics tableau business team development,Data Analyst
tableau analysis reporting analytics tools management system,Data Analyst
excel analysis reporting sql project tools management,Data Analyst
tableau analytics reporting excel management business development,Data Analyst
powerbi reporting analysis analytics project management system,Data Analyst
tableau sql reporting analytics experience tools team,Data Analyst
sql analysis tableau analytics development team project,Data Analyst
excel analytics analysis reporting system project development,Data Analyst
analytics tableau powerbi analysis management project business,Data Analyst
excel powerbi reporting analytics business development management,Data Analyst
sql analysis reporting analytics business development project,Data Analyst
excel tableau powerbi reporting development team system,Data Analyst
reporting analytics sql excel experience system management,Data Analyst
tableau analysis powerbi reporting system management project,Data Analyst
sql excel analysis reporting team business tools,Data Analyst
analytics reporting analysis tableau experience management system,Data Analyst
powerbi tableau excel sql management system experience,Data Analyst
powerbi sql excel analysis business team tools,Data Analyst
analytics excel analysis sql team tools experience,Data Analyst
powerbi excel analytics analysis team development system,Data Analyst
powerbi tableau analysis excel management development project,Data Analyst
sql analysis reporting tableau development tools management,Data Analyst
analytics sql tableau excel management system business,Data Analyst
powerbi sql reporting analysis business system development,Data Analyst
analytics excel sql reporting business system management,Data Analyst
powerbi reporting analytics sql tools experience development,Data Analyst
analysis powerbi sql analytics team system experience,Data Analyst
reporting analysis powerbi excel tools project management,Data Analyst
analytics analysis reporting powerbi management experience business,Data Analyst
analysis analytics tableau excel project development business,Data Analyst
sql excel powerbi analytics experience system tools,Data Analyst
reporting sql excel analytics project tools system,Data Analyst
analytics excel analysis tableau development project system,Data Analyst
excel reporting powerbi sql tools management project,Data Analyst
sql tableau excel analytics system business experience,Data Analyst
powerbi excel sql reporting business team project,Data Analyst
reporting powerbi sql excel tools experience management,Data Analyst
tableau sql excel reporting development system team,Data Analyst
analysis tableau excel sql tools management project,Data Analyst
excel tableau reporting analytics tools business team,Data Analyst
excel analytics powerbi analysis project development system,Data Analyst
excel analysis analytics tableau experience business project,Data Analyst
analysis tableau reporting analytics tools project experience,Data Analyst
excel analysis tableau analytics tools experience team,Data Analyst
excel tableau analysis reporting project system experience,Data Analyst
reporting tableau powerbi excel business team development,Data Analyst
tableau analytics sql reporting experience tools development,Data Analyst
analytics reporting tableau analysis development management business,Data Analyst
sql reporting excel tableau team tools management,Data Analyst
powerbi analysis excel analytics experience project system,Data Analyst
powerbi analytics tableau sql tools management team,Data Analyst
powerbi analysis excel analytics team project system,Data Analyst
reporting tableau sql excel project business experience,Data Analyst
powerbi sql analysis tableau experience team system,Data Analyst
analysis powerbi reporting excel experience business management,Data Analyst
analytics analysis reporting tableau development system business,Data Analyst
tableau sql excel analytics tools team experience,Data Analyst
powerbi excel sql analytics development experience project,Data Analyst
sql excel analytics powerbi tools team project,Data Analyst
excel analytics reporting analysis tools business team,Data Analyst
analytics excel tableau analysis tools team development,Data Analyst
sql tableau reporting excel management project development,Data Analyst
sql powerbi analytics excel management tools project,Data Analyst
powerbi analytics analysis reporting business team system,Data Analyst
analytics tableau powerbi excel system business project,Data Analyst
analytics sql reporting excel system project team,Data Analyst
tableau analysis powerbi reporting project tools team,Data Analyst
analytics reporting tableau powerbi team business tools,Data Analyst
analytics powerbi tableau reporting system experience project,Data Analyst
excel sql powerbi reporting project management system,Data Analyst
powerbi analytics tableau sql system management team,Data Analyst
analysis analytics tableau excel development project business,Data Analyst
analytics excel tableau sql tools project system,Data Analyst
tableau analysis analytics reporting experience project team,Data Analyst
analytics excel powerbi reporting business system project,Data Analyst
analytics excel powerbi analysis experience development team,Data Analyst
analysis reporting powerbi tableau development management tools,Data Analyst
sql analysis tableau excel system development business,Data Analyst
reporting excel sql analytics tools system management,Data Analyst
analytics analysis reporting excel development business experience,Data Analyst
reporting excel analytics sql experience management tools,Data Analyst
powerbi excel tableau analytics development system team,Data Analyst
tableau reporting sql analysis system development business,Data Analyst
tableau powerbi sql analysis management tools experience,Data Analyst
analysis powerbi analytics excel business team development,Data Analyst
reporting sql excel analysis development team tools,Data Analyst
sql tableau analysis excel business system tools,Data Analyst
sql tableau reporting analytics business development system,Data Analyst
tableau reporting powerbi sql experience team project,Data Analyst
reporting sql analysis powerbi tools business management,Data Analyst
sql excel analytics tableau system development management,Data Analyst
analysis reporting analytics tableau business system development,Data Analyst
ai pandas statistics python project tools system,Data Scientist
machine learning python modeling statistics team system development,Data Scientist
modeling ml ai machine learning experience project tools,Data Scientist
ml python numpy machine learning team management system,Data Scientist
python pandas statistics modeling management system business,Data Scientist
modeling pandas numpy ai team system project,Data Scientist
statistics machine learning ml pandas project team experience,Data Scientist
numpy ai ml statistics management business experience,Data Scientist
python numpy modeling ml project tools development,Data Scientist
statistics modeling ai python tools business development,Data Scientist
numpy ml ai statistics team experience development,Data Scientist
statistics python numpy ml experience business project,Data Scientist
modeling machine learning ai python team system management,Data Scientist
statistics python ml machine learning system team development,Data Scientist
modeling pandas python ai experience development tools,Data Scientist
modeling ai ml pandas development system management,Data Scientist
modeling machine learning statistics ml system team tools,Data Scientist
pandas python machine learning numpy system team project,Data Scientist
python ml pandas modeling tools system business,Data Scientist
statistics ai ml python team tools experience,Data Scientist
modeling statistics ml pandas system team business,Data Scientist
modeling machine learning statistics ml business management system,Data Scientist
pandas modeling statistics python tools team development,Data Scientist
ai pandas modeling numpy team business system,Data Scientist
numpy pandas statistics machine learning project team management,Data Scientist
ml modeling pandas statistics team development project,Data Scientist
machine learning ai python statistics business team development,Data Scientist
ai statistics ml pandas development team system,Data Scientist
pandas numpy statistics modeling system project experience,Data Scientist
statistics modeling ai pandas development team system,Data Scientist
machine learning modeling pandas ml system project team,Data Scientist
statistics ml python ai business tools development,Data Scientist
numpy machine learning statistics python business management development,Data Scientist
ml pandas statistics python management team project,Data Scientist
python machine learning modeling numpy business tools experience,Data Scientist
machine learning python modeling pandas project experience system,Data Scientist
machine learning python ml statistics experience tools project,Data Scientist
modeling ml machine learning statistics business project development,Data Scientist
pandas ml modeling python team business management,Data Scientist
numpy ml machine learning pandas management system business,Data Scientist
python pandas machine learning modeling management experience business,Data Scientist
statistics numpy machine learning pandas team system experience,Data Scientist
python ml modeling statistics experience tools business,Data Scientist
statistics numpy machine learning ml system team tools,Data Scientist
modeling ml machine learning ai development business team,Data Scientist
pandas statistics python ml business management tools,Data Scientist
machine learning modeling ai pandas development system project,Data Scientist
ai modeling ml statistics experience development system,Data Scientist
ml statistics machine learning modeling business experience management,Data Scientist
statistics machine learning numpy ml business experience team,Data Scientist
pandas ml python statistics development experience team,Data Scientist
ai pandas statistics ml experience tools development,Data Scientist
statistics modeling ai machine learning team tools management,Data Scientist
ml python modeling statistics project management development,Data Scientist
statistics modeling machine learning numpy development business team,Data Scientist
statistics modeling ai ml project development team,Data Scientist
ai numpy modeling python development experience team,Data Scientist
python ai ml numpy tools team experience,Data Scientist
numpy python statistics ml tools team business,Data Scientist
numpy python pandas machine learning experience project team,Data Scientist
numpy python modeling ml project system business,Data Scientist
ml statistics ai machine learning project team tools,Data Scientist
statistics ai python ml management development team,Data Scientist
pandas ml numpy modeling team experience management,Data Scientist
statistics machine learning modeling pandas management project system,Data Scientist
numpy ml machine learning pandas business project development,Data Scientist
python modeling ai machine learning system project development,Data Scientist
numpy python modeling ai team project business,Data Scientist
machine learning modeling ml numpy system development business,Data Scientist
statistics pandas ml ai business management team,Data Scientist
modeling machine learning numpy ml project management tools,Data Scientist
ai statistics numpy machine learning project tools development,Data Scientist
numpy modeling ml ai experience development system,Data Scientist
ai machine learning numpy ml team business system,Data Scientist
ai pandas modeling statistics system development business,Data Scientist
ai statistics ml python tools project team,Data Scientist
statistics pandas ai python system management tools,Data Scientist
modeling ml pandas numpy business management system,Data Scientist
python modeling numpy ai project team development,Data Scientist
ml ai statistics python system experience business,Data Scientist
pandas modeling numpy ai experience team management,Data Scientist
ml pandas machine learning modeling management development team,Data Scientist
modeling python pandas machine learning experience team tools,Data Scientist
statistics python modeling ml business team tools,Data Scientist
modeling statistics numpy machine learning team business tools,Data Scientist
machine learning ml statistics numpy system management tools,Data Scientist
machine learning pandas statistics numpy project management team,Data Scientist
modeling statistics machine learning pandas management development experience,Data Scientist
machine learning numpy ai ml system experience business,Data Scientist
modeling statistics pandas numpy system tools team,Data Scientist
numpy ml ai pandas project management development,Data Scientist
pandas numpy ai ml system experience business,Data Scientist
python ai pandas ml management tools system,Data Scientist
modeling machine learning ml python management business development,Data Scientist
modeling statistics pandas ml project experience business,Data Scientist
statistics ai machine learning ml experience development team,Data Scientist
pandas statistics python modeling team development project,Data Scientist
pandas machine learning numpy modeling management development tools,Data Scientist
machine learning statistics modeling numpy experience system business,Data Scientist
ml statistics modeling pandas management experience business,Data Scientist
modeling ai python machine learning experience management business,Data Scientist
pandas statistics machine learning modeling management experience team,Data Scientist
machine learning modeling ml numpy team experience management,Data Scientist
ai ml machine learning statistics business management system,Data Scientist
modeling numpy pandas statistics team development system,Data Scientist
modeling machine learning numpy python team business system,Data Scientist
numpy ml python machine learning team system management,Data Scientist
ml statistics numpy python project system development,Data Scientist
ml statistics modeling python development business tools,Data Scientist
ai python pandas ml development business management,Data Scientist
machine learning statistics ai pandas development team business,Data Scientist
modeling statistics numpy pandas system team experience,Data Scientist
python statistics pandas machine learning experience team system,Data Scientist
ml python numpy pandas development experience team,Data Scientist
ml pandas statistics machine learning tools team business,Data Scientist
python machine learning modeling pandas experience business management,Data Scientist
ml modeling machine learning pandas tools system development,Data Scientist
ai pandas numpy modeling system management business,Data Scientist
statistics ai numpy python development system management,Data Scientist
ai machine learning statistics numpy tools experience system,Data Scientist
modeling machine learning numpy pandas experience business development,Data Scientist
ml pandas statistics numpy development system business,Data Scientist
ai python pandas numpy system management team,Data Scientist
ml pandas numpy ai development management experience,Data Scientist
ml pandas statistics modeling experience project business,Data Scientist
machine learning modeling ml numpy business experience management,Data Scientist
statistics machine learning pandas ai system team project,Data Scientist
pandas python statistics numpy management experience team,Data Scientist
machine learning python modeling statistics management system project,Data Scientist
numpy ml pandas ai experience development project,Data Scientist
pandas modeling python ai management business team,Data Scientist
python numpy machine learning statistics business management experience,Data Scientist
statistics python ml numpy management system project,Data Scientist
numpy modeling python pandas project team business,Data Scientist
modeling ai machine learning statistics business tools system,Data Scientist
python ai modeling pandas project development business,Data Scientist
ml modeling statistics ai team system tools,Data Scientist
ml modeling statistics machine learning business team management,Data Scientist
machine learning modeling python ai development tools management,Data Scientist
ai ml python machine learning management project development,Data Scientist
numpy machine learning ai python tools system team,Data Scientist
machine learning numpy ai python business development experience,Data Scientist
modeling statistics machine learning pandas tools experience team,Data Scientist
modeling ai pandas ml tools project team,Data Scientist
statistics modeling numpy ai development system experience,Data Scientist
ai python machine learning numpy project management development,Data Scientist
pandas machine learning modeling python team project tools,Data Scientist
ai statistics machine learning modeling tools management team,Data Scientist
numpy python modeling ai management tools project,Data Scientist
statistics pandas ai ml project development management,Data Scientist
modeling machine learning ai numpy development team system,Data Scientist
pandas python ml statistics system tools development,Data Scientist
python ml ai numpy business system tools,Data Scientist
python pandas modeling machine learning project system development,Data Scientist
statistics machine learning pandas ai experience development system,Data Scientist
modeling statistics numpy pandas development experience system,Data Scientist
statistics pandas machine learning modeling experience system management,Data Scientist
modeling ai numpy python experience project tools,Data Scientist
statistics numpy modeling pandas experience tools team,Data Scientist
machine learning statistics numpy ml management team project,Data Scientist
statistics ml machine learning modeling management project system,Data Scientist
python ai statistics numpy tools project development,Data Scientist
ml machine learning python pandas project management team,Data Scientist
numpy ai machine learning python business development management,Data Scientist
ai pandas modeling ml management project experience,Data Scientist
ai modeling python machine learning system experience team,Data Scientist
pandas statistics ai ml tools team development,Data Scientist
ai pandas modeling numpy development project team,Data Scientist
ml numpy statistics pandas project business system,Data Scientist
pandas python ml modeling business development team,Data Scientist
modeling numpy ml python business tools project,Data Scientist
numpy ai modeling machine learning development business system,Data Scientist
modeling statistics numpy python tools experience development,Data Scientist
statistics machine learning pandas ai system development experience,Data Scientist
modeling machine learning pandas ml tools experience business,Data Scientist
modeling pandas statistics ai tools management project,Data Scientist
modeling ai ml pandas system development management,Data Scientist
modeling statistics ml pandas project team tools,Data Scientist
ml python pandas machine learning development business project,Data Scientist
numpy statistics machine learning ml business experience tools,Data Scientist
numpy pandas statistics modeling tools management project,Data Scientist
pandas statistics python numpy tools management business,Data Scientist
statistics machine learning numpy modeling system business management,Data Scientist
numpy modeling statistics pandas experience system project,Data Scientist
pandas python numpy ai development project management,Data Scientist
pandas python numpy ai tools management system,Data Scientist
python statistics machine learning modeling system experience tools,Data Scientist
ai machine learning ml statistics experience management tools,Data Scientist
statistics python ml pandas experience team tools,Data Scientist
machine learning pandas ai numpy business system team,Data Scientist
python pandas ml modeling business team management,Data Scientist
numpy machine learning ml ai management system tools,Data Scientist
modeling ml pandas ai development tools system,Data Scientist
modeling statistics ml machine learning team system development,Data Scientist
ai pandas python numpy business development management,Data Scientist
machine learning pandas python numpy business management project,Data Scientist
numpy statistics pandas python business management project,Data Scientist
python numpy machine learning modeling tools team system,Data Scientist
ml modeling machine learning ai project business tools,Data Scientist
machine learning ml python modeling system business project,Data Scientist
tensorflow cloud deep learning ai team experience management,ML Engineer
cloud pytorch deep learning ai development business experience,ML Engineer
python tensorflow cloud deep learning team project experience,ML Engineer
pytorch tensorflow python ai team system development,ML Engineer
deep learning python pytorch mlops tools project management,ML Engineer
pytorch python mlops cloud tools system development,ML Engineer
tensorflow ai mlops deep learning experience development business,ML Engineer
pytorch tensorflow python deep learning business project team,ML Engineer
cloud pytorch tensorflow ai business development system,ML Engineer
python deep learning tensorflow mlops business experience project,ML Engineer
deep learning cloud ai mlops business experience management,ML Engineer
ai tensorflow deep learning python tools system team,ML Engineer
cloud deep learning ai pytorch system tools management,ML Engineer
ai python mlops pytorch development management business,ML Engineer
mlops tensorflow cloud deep learning system project business,ML Engineer
mlops deep learning cloud ai management business experience,ML Engineer
tensorflow python pytorch deep learning team business experience,ML Engineer
ai deep learning mlops python project tools development,ML Engineer
mlops deep learning cloud pytorch business project tools,ML Engineer
pytorch deep learning tensorflow cloud business system development,ML Engineer
python deep learning mlops cloud system experience development,ML Engineer
ai tensorflow cloud deep learning business tools management,ML Engineer
deep learning pytorch cloud ai system management development,ML Engineer
mlops pytorch deep learning ai management project tools,ML Engineer
tensorflow cloud python mlops business management project,ML Engineer
tensorflow deep learning pytorch python experience development project,ML Engineer
tensorflow ai cloud pytorch management development experience,ML Engineer
pytorch deep learning tensorflow ai management system project,ML Engineer
ai deep learning pytorch python management system experience,ML Engineer
cloud tensorflow python pytorch business system project,ML Engineer
ai cloud deep learning python business tools development,ML Engineer
deep learning pytorch cloud tensorflow management business development,ML Engineer
tensorflow cloud python deep learning project experience business,ML Engineer
deep learning mlops tensorflow python management experience business,ML Engineer
mlops python cloud tensorflow experience development business,ML Engineer
deep learning ai cloud mlops system project business,ML Engineer
cloud mlops deep learning tensorflow management development business,ML Engineer
cloud tensorflow deep learning ai experience development business,ML Engineer
cloud tensorflow pytorch mlops project tools experience,ML Engineer
deep learning pytorch cloud python management team system,ML Engineer
pytorch python cloud tensorflow team tools business,ML Engineer
pytorch ai mlops deep learning team development management,ML Engineer
mlops python tensorflow deep learning management experience team,ML Engineer
ai mlops pytorch deep learning business system development,ML Engineer
pytorch tensorflow cloud python experience project system,ML Engineer
pytorch python ai mlops experience team development,ML Engineer
cloud ai tensorflow pytorch project business development,ML Engineer
cloud tensorflow python mlops team business tools,ML Engineer
pytorch deep learning python mlops management tools project,ML Engineer
python mlops cloud pytorch project development system,ML Engineer
mlops cloud python pytorch experience development system,ML Engineer
cloud mlops tensorflow pytorch management team business,ML Engineer
ai cloud mlops tensorflow business system development,ML Engineer
tensorflow cloud ai mlops business experience team,ML Engineer
mlops deep learning python pytorch tools team project,ML Engineer
cloud ai mlops pytorch team experience system,ML Engineer
cloud mlops tensorflow deep learning development tools system,ML Engineer
mlops cloud ai tensorflow management system development,ML Engineer
pytorch mlops ai python experience tools business,ML Engineer
cloud mlops ai pytorch business tools experience,ML Engineer
cloud mlops ai deep learning business experience project,ML Engineer
ai cloud pytorch python experience management system,ML Engineer
python deep learning cloud mlops development team management,ML Engineer
tensorflow python cloud mlops management project development,ML Engineer
cloud ai pytorch python project team business,ML Engineer
pytorch tensorflow mlops cloud project tools experience,ML Engineer
ai tensorflow deep learning python development experience business,ML Engineer
deep learning python cloud tensorflow project system team,ML Engineer
pytorch deep learning tensorflow cloud tools management project,ML Engineer
tensorflow python deep learning pytorch team business development,ML Engineer
mlops tensorflow ai cloud team business tools,ML Engineer
deep learning pytorch cloud tensorflow project experience business,ML Engineer
ai mlops pytorch deep learning business tools project,ML Engineer
cloud deep learning ai python development project experience,ML Engineer
mlops python pytorch cloud team management system,ML Engineer
cloud tensorflow mlops deep learning team business tools,ML Engineer
deep learning mlops tensorflow python management experience business,ML Engineer
ai python deep learning pytorch business experience project,ML Engineer
python pytorch mlops tensorflow system team management,ML Engineer
deep learning mlops cloud ai tools management experience,ML Engineer
mlops pytorch deep learning tensorflow project development experience,ML Engineer
tensorflow pytorch python mlops development tools business,ML Engineer
python deep learning pytorch tensorflow team development project,ML Engineer
pytorch python ai tensorflow team business project,ML Engineer
cloud python mlops tensorflow development business management,ML Engineer
cloud pytorch deep learning tensorflow experience tools system,ML Engineer
deep learning tensorflow python pytorch experience development project,ML Engineer
cloud mlops pytorch tensorflow tools project experience,ML Engineer
pytorch deep learning cloud mlops experience team system,ML Engineer
tensorflow cloud ai deep learning system experience team,ML Engineer
deep learning tensorflow pytorch mlops experience management team,ML Engineer
ai pytorch cloud deep learning management system experience,ML Engineer
python deep learning mlops cloud business system development,ML Engineer
python tensorflow cloud pytorch business system experience,ML Engineer
tensorflow pytorch mlops ai business team management,ML Engineer
mlops cloud ai deep learning project team system,ML Engineer
python cloud pytorch mlops team development management,ML Engineer
deep learning python pytorch mlops team development project,ML Engineer
pytorch mlops deep learning cloud project management development,ML Engineer
cloud python mlops tensorflow management business team,ML Engineer
cloud tensorflow pytorch python business system experience,ML Engineer
ai tensorflow pytorch python project team tools,ML Engineer
python pytorch mlops cloud management team development,ML Engineer
ai cloud tensorflow python business experience tools,ML Engineer
cloud tensorflow mlops python management team development,ML Engineer
python mlops cloud pytorch business experience team,ML Engineer
mlops cloud tensorflow python project development management,ML Engineer
tensorflow pytorch python cloud business experience management,ML Engineer
cloud tensorflow mlops pytorch experience business team,ML Engineer
tensorflow ai pytorch cloud tools management system,ML Engineer
cloud pytorch ai python business experience team,ML Engineer
ai deep learning cloud python business development project,ML Engineer
pytorch deep learning mlops ai management tools team,ML Engineer
tensorflow deep learning pytorch cloud team tools project,ML Engineer
python mlops ai deep learning tools business development,ML Engineer
pytorch python ai mlops system development team,ML Engineer
python pytorch deep learning mlops business system project,ML Engineer
python deep learning ai mlops tools experience business,ML Engineer
python deep learning cloud mlops business project tools,ML Engineer
ai python tensorflow cloud business system project,ML Engineer
deep learning cloud pytorch tensorflow development project system,ML Engineer
deep learning mlops cloud ai development tools business,ML Engineer
python tensorflow pytorch cloud team experience project,ML Engineer
tensorflow mlops cloud deep learning team business experience,ML Engineer
tensorflow python deep learning cloud project system team,ML Engineer
tensorflow deep learning pytorch cloud experience business tools,ML Engineer
ai deep learning python pytorch tools team project,ML Engineer
cloud python ai deep learning business system development,ML Engineer
cloud python deep learning pytorch project system management,ML Engineer
ai pytorch deep learning mlops management experience system,ML Engineer
tensorflow deep learning pytorch ai system tools project,ML Engineer
pytorch cloud mlops deep learning development system team,ML Engineer
ai pytorch mlops cloud development system tools,ML Engineer
mlops pytorch ai python project development tools,ML Engineer
python ai tensorflow pytorch project system team,ML Engineer
python ai mlops deep learning experience business development,ML Engineer
cloud mlops pytorch tensorflow management project business,ML Engineer
deep learning python pytorch tensorflow tools management business,ML Engineer
mlops python pytorch cloud system team tools,ML Engineer
deep learning tensorflow ai pytorch experience team tools,ML Engineer
pytorch ai tensorflow python management experience project,ML Engineer
tensorflow pytorch cloud mlops project development experience,ML Engineer
cloud python tensorflow pytorch development experience tools,ML Engineer
python tensorflow ai deep learning project management tools,ML Engineer
mlops deep learning tensorflow python team management system,ML Engineer
mlops deep learning python pytorch system development management,ML Engineer
tensorflow mlops pytorch python team development business,ML Engineer
deep learning tensorflow cloud python management business experience,ML Engineer
cloud pytorch deep learning ai tools development project,ML Engineer
mlops pytorch ai deep learning experience project team,ML Engineer
ai python deep learning tensorflow system tools management,ML Engineer
python cloud pytorch deep learning team system business,ML Engineer
tensorflow pytorch mlops python project experience development,ML Engineer
pytorch deep learning tensorflow mlops business team management,ML Engineer
python ai cloud tensorflow system business project,ML Engineer
mlops tensorflow cloud python development team tools,ML Engineer
pytorch deep learning cloud mlops experience system management,ML Engineer
mlops python tensorflow cloud management project team,ML Engineer
ai mlops pytorch deep learning management team business,ML Engineer
tensorflow pytorch python ai tools team experience,ML Engineer
cloud ai mlops python tools system development,ML Engineer
cloud tensorflow ai mlops development management tools,ML Engineer
deep learning pytorch ai python project development team,ML Engineer
python tensorflow ai deep learning system management business,ML Engineer
cloud python tensorflow pytorch team business development,ML Engineer
cloud pytorch deep learning tensorflow tools system project,ML Engineer
cloud deep learning python ai management business team,ML Engineer
deep learning ai python pytorch system project management,ML Engineer
python deep learning ai cloud management development system,ML Engineer
cloud pytorch python deep learning tools development business,ML Engineer
ai mlops tensorflow python experience system management,ML Engineer
cloud mlops ai tensorflow project development team,ML Engineer
pytorch ai cloud python business tools management,ML Engineer
cloud mlops deep learning ai experience management project,ML Engineer
tensorflow python ai pytorch tools project business,ML Engineer
ai tensorflow deep learning cloud project development system,ML Engineer
pytorch ai mlops deep learning business management project,ML Engineer
deep learning python cloud mlops experience development team,ML Engineer
ai tensorflow deep learning python management team project,ML Engineer
tensorflow pytorch python ai system experience business,ML Engineer
python tensorflow pytorch deep learning team business project,ML Engineer
deep learning python tensorflow mlops project system team,ML Engineer
deep learning pytorch cloud python experience project team,ML Engineer
pytorch cloud tensorflow python project development system,ML Engineer
python mlops deep learning ai experience team management,ML Engineer
deep learning mlops cloud tensorflow system project development,ML Engineer
pytorch mlops cloud ai tools development business,ML Engineer
cloud tensorflow deep learning ai team system business,ML Engineer
deep learning cloud pytorch ai system team development,ML Engineer
deep learning tensorflow mlops ai system development tools,ML Engineer
tensorflow cloud mlops ai system project development,ML Engineer
ai mlops tensorflow cloud business development system,ML Engineer
tensorflow cloud python ai project experience system,ML Engineer
tensorflow ai mlops cloud development team system,ML Engineer
deep learning cloud tensorflow python tools business project,ML Engineer
deep learning tensorflow cloud mlops management tools development,ML Engineer
python ai tensorflow pytorch project team management,ML Engineer
deep learning tensorflow pytorch python team business tools,ML Engineer
deep learning ai tensorflow pytorch development business project,ML Engineer
mlops tensorflow python pytorch business tools development,ML Engineer
analytics communication management market research development project management,Product Manager
management strategy analytics planning development team project,Product Manager
analytics management market research strategy tools experience business,Product Manager
market research communication analytics planning tools team experience,Product Manager
market research analytics communication planning system experience tools,Product Manager
planning management communication strategy tools system business,Product Manager
market research planning management communication tools development system,Product Manager
communication analytics management market research team experience system,Product Manager
strategy management planning analytics tools system development,Product Manager
strategy analytics market research communication business development project,Product Manager
planning analytics management communication business development management,Product Manager
management analytics planning strategy project management team,Product Manager
communication strategy market research planning development system business,Product Manager
strategy planning market research communication system management tools,Product Manager
communication market research planning management team system development,Product Manager
market research management communication analytics team development tools,Product Manager
communication strategy planning market research experience system business,Product Manager
management market research planning strategy management development system,Product Manager
strategy market research communication management development system project,Product Manager
strategy analytics planning market research business development experience,Product Manager
market research analytics management communication team business experience,Product Manager
market research planning management analytics management tools project,Product Manager
market research planning strategy analytics business experience project,Product Manager
management analytics strategy market research business tools management,Product Manager
market research analytics strategy management project business experience,Product Manager
analytics strategy management planning project system management,Product Manager
market research strategy management planning development project system,Product Manager
management communication analytics market research tools management team,Product Manager
planning management analytics market research tools business system,Product Manager
market research management planning analytics development team management,Product Manager
planning market research strategy management management business system,Product Manager
analytics market research communication planning tools business system,Product Manager
market research analytics strategy planning project system management,Product Manager
market research planning management communication team experience tools,Product Manager
analytics management market research strategy development team experience,Product Manager
analytics market research strategy management team system project,Product Manager
planning market research analytics strategy project development system,Product Manager
planning strategy market research communication team development tools,Product Manager
analytics market research communication strategy management project experience,Product Manager
strategy market research analytics communication tools development business,Product Manager
strategy planning analytics market research team management experience,Product Manager
market research management analytics planning experience project system,Product Manager
market research strategy communication analytics development tools project,Product Manager
planning analytics market research communication development experience project,Product Manager
communication strategy management analytics team experience system,Product Manager
analytics market research communication strategy management team project,Product Manager
analytics market research communication strategy experience project team,Product Manager
market research communication strategy planning development management system,Product Manager
analytics market research management strategy business experience tools,Product Manager
analytics communication strategy management team development management,Product Manager
management market research strategy communication experience project management,Product Manager
planning analytics strategy management experience system tools,Product Manager
analytics management communication market research tools system development,Product Manager
market research analytics planning communication system team development,Product Manager
market research strategy communication management team system business,Product Manager
strategy management analytics planning management experience tools,Product Manager
market research communication management strategy team business tools,Product Manager
strategy market research communication planning business management team,Product Manager
management strategy analytics communication development experience team,Product Manager
analytics market research management strategy management team experience,Product Manager
analytics market research management communication tools team system,Product Manager
analytics management market research strategy tools system development,Product Manager
strategy market research planning management team management tools,Product Manager
market research management analytics planning tools business team,Product Manager
planning analytics market research communication project team system,Product Manager
strategy planning analytics market research management team tools,Product Manager
planning market research management strategy experience business system,Product Manager
management communication market research strategy development tools business,Product Manager
planning communication market research management experience management system,Product Manager
management communication analytics planning tools business project,Product Manager
planning market research management analytics management system tools,Product Manager
market research analytics communication management team experience development,Product Manager
strategy market research analytics management project tools experience,Product Manager
management analytics communication planning development tools project,Product Manager
market research planning analytics strategy management project development,Product Manager
strategy management planning analytics business project management,Product Manager
communication planning market research management business system project,Product Manager
management strategy communication market research experience team management,Product Manager
communication management strategy planning project experience management,Product Manager
analytics market research communication planning management tools experience,Product Manager
market research communication strategy planning experience tools development,Product Manager
planning strategy communication analytics business system tools,Product Manager
strategy management communication analytics experience system development,Product Manager
strategy communication planning market research business management project,Product Manager
planning communication analytics market research system development team,Product Manager
market research communication management analytics team experience management,Product Manager
market research management planning strategy management project tools,Product Manager
strategy market research communication management business system project,Product Manager
management market research strategy communication business experience team,Product Manager
analytics management planning communication system experience tools,Product Manager
communication planning strategy analytics business project experience,Product Manager
planning strategy communication market research system tools business,Product Manager
strategy communication market research analytics experience system team,Product Manager
management strategy communication analytics team project business,Product Manager
strategy management planning market research team development tools,Product Manager
communication management strategy planning experience tools project,Product Manager
management communication analytics market research project system experience,Product Manager
management strategy analytics planning management business system,Product Manager
planning strategy communication management management experience business,Product Manager
management strategy planning market research tools project system,Product Manager
market research management analytics communication team system project,Product Manager
management planning market research strategy experience development tools,Product Manager
management analytics communication strategy team business project,Product Manager
communication market research analytics planning tools management project,Product Manager
strategy planning analytics management project team management,Product Manager
communication management analytics market research business management experience,Product Manager
communication market research management planning experience management development,Product Manager
strategy planning analytics market research experience management tools,Product Manager
communication management planning market research business team system,Product Manager
strategy communication management market research project experience team,Product Manager
market research management planning communication tools management system,Product Manager
strategy planning communication management tools development management,Product Manager
management communication analytics market research experience tools team,Product Manager
management communication market research strategy tools project development,Product Manager
planning market research strategy analytics business development team,Product Manager
analytics communication management market research experience tools development,Product Manager
market research planning strategy communication project experience development,Product Manager
communication management planning analytics development team tools,Product Manager
management market research communication strategy management system development,Product Manager
communication planning management analytics management team experience,Product Manager
market research analytics strategy communication project system experience,Product Manager
management planning strategy communication business management project,Product Manager
market research analytics communication planning system tools experience,Product Manager
management planning communication analytics management system development,Product Manager
market research management strategy planning management project system,Product Manager
market research strategy analytics management business development project,Product Manager
communication strategy analytics planning project business experience,Product Manager
analytics strategy market research management business team tools,Product Manager
communication management analytics planning system experience management,Product Manager
market research planning communication management team business project,Product Manager
communication analytics market research management project business team,Product Manager
management communication analytics strategy development experience management,Product Manager
strategy market research planning analytics team experience tools,Product Manager
market research analytics management planning management project team,Product Manager
analytics management strategy market research project development experience,Product Manager
analytics strategy planning management project experience system,Product Manager
market research planning strategy communication management team business,Product Manager
communication market research strategy planning development management system,Product Manager
analytics communication market research management experience team development,Product Manager
communication analytics strategy planning project system business,Product Manager
management strategy market research analytics management tools project,Product Manager
analytics market research communication management tools experience system,Product Manager
planning market research strategy communication project team system,Product Manager
management communication analytics strategy tools management development,Product Manager
strategy market research communication analytics development tools project,Product Manager
market research planning analytics management system business management,Product Manager
analytics management strategy market research project system business,Product Manager
management strategy communication market research system tools team,Product Manager
analytics management planning market research project business system,Product Manager
management planning analytics market research system tools project,Product Manager
strategy planning communication management development experience team,Product Manager
strategy planning communication analytics business tools experience,Product Manager
market research strategy communication analytics management tools system,Product Manager
market research communication management strategy team business system,Product Manager
management analytics strategy market research development system project,Product Manager
communication market research management planning system tools experience,Product Manager
strategy management planning analytics tools project experience,Product Manager
analytics strategy management market research development team management,Product Manager
communication management market research planning business development team,Product Manager
market research analytics management strategy team system business,Product Manager
strategy communication planning management management development system,Product Manager
strategy planning management analytics tools project team,Product Manager
strategy planning communication management management experience system,Product Manager
strategy planning management analytics business experience development,Product Manager
strategy planning communication analytics project system experience,Product Manager
analytics market research planning management project management experience,Product Manager
market research communication analytics planning system experience business,Product Manager
planning management market research analytics development experience project,Product Manager
communication strategy planning analytics system team tools,Product Manager
market research analytics management communication tools team system,Product Manager
strategy communication market research management system experience development,Product Manager
market research analytics planning management system experience development,Product Manager
planning strategy communication analytics system business team,Product Manager
strategy market research planning management management experience team,Product Manager
analytics market research management communication system team project,Product Manager
communication planning analytics strategy tools experience system,Product Manager
strategy communication analytics market research system team management,Product Manager
management planning strategy analytics system experience project,Product Manager
analytics management strategy market research management team business,Product Manager
planning market research strategy communication project team experience,Product Manager
planning communication strategy management business development management,Product Manager
strategy communication market research management management tools team,Product Manager
analytics communication strategy management experience project management,Product Manager
strategy analytics communication planning management experience business,Product Manager
analytics communication planning strategy experience business management,Product Manager
planning analytics management communication experience management team,Product Manager
planning analytics strategy communication experience project tools,Product Manager
management strategy communication planning development project system,Product Manager
planning communication analytics strategy development project system,Product Manager
management strategy planning market research team project tools,Product Manager
analytics market research strategy planning management business project,Product Manager
planning communication management market research business team tools,Product Manager
strategy market research analytics communication tools development business,Product Manager
communication analytics strategy management development experience business,Product Manager
communication market research management analytics team business management,Product Manager
communication market research planning strategy business management tools,Product Manager
communication management planning analytics tools project management,Product Manager
strategy management market research communication experience development tools,Product Manager
management planning analytics market research development system team,Product Manager
planning strategy analytics market research project management tools,Product Manager
talent acquisition recruitment negotiation communication management system tools,Recruiter
talent acquisition sourcing negotiation interviewing team management project,Recruiter
interviewing negotiation communication recruitment tools development management,Recruiter
talent acquisition negotiation interviewing recruitment system development team,Recruiter
negotiation interviewing talent acquisition recruitment project experience business,Recruiter
talent acquisition communication negotiation recruitment tools management team,Recruiter
interviewing talent acquisition sourcing recruitment development team tools,Recruiter
communication sourcing talent acquisition negotiation development management experience,Recruiter
interviewing communication recruitment talent acquisition business system tools,Recruiter
talent acquisition communication sourcing interviewing experience team project,Recruiter
talent acquisition sourcing interviewing recruitment team tools project,Recruiter
negotiation interviewing communication recruitment experience management tools,Recruiter
talent acquisition interviewing recruitment communication development team experience,Recruiter
sourcing recruitment negotiation communication team experience system,Recruiter
negotiation talent acquisition sourcing communication project team development,Recruiter
recruitment negotiation talent acquisition interviewing development team business,Recruiter
communication sourcing recruitment talent acquisition project experience business,Recruiter
recruitment negotiation talent acquisition interviewing system team project,Recruiter
interviewing negotiation sourcing talent acquisition business experience system,Recruiter
communication sourcing interviewing recruitment team project development,Recruiter
talent acquisition negotiation interviewing sourcing management project system,Recruiter
talent acquisition recruitment sourcing communication system team experience,Recruiter
sourcing interviewing recruitment talent acquisition management business system,Recruiter
sourcing interviewing recruitment communication system project business,Recruiter
talent acquisition negotiation sourcing recruitment team tools system,Recruiter
recruitment talent acquisition communication interviewing development team experience,Recruiter
interviewing talent acquisition sourcing communication experience system team,Recruiter
negotiation talent acquisition recruitment sourcing system business development,Recruiter
talent acquisition communication interviewing negotiation development system management,Recruiter
recruitment negotiation communication interviewing management project development,Recruiter
recruitment communication sourcing talent acquisition management project team,Recruiter
recruitment communication sourcing talent acquisition business system team,Recruiter
interviewing talent acquisition communication negotiation business experience development,Recruiter
recruitment interviewing communication talent acquisition development business team,Recruiter
negotiation recruitment sourcing interviewing development experience team,Recruiter
recruitment interviewing sourcing communication business team experience,Recruiter
negotiation interviewing recruitment talent acquisition team development business,Recruiter
negotiation sourcing communication interviewing tools project management,Recruiter
sourcing negotiation talent acquisition recruitment management system business,Recruiter
talent acquisition sourcing recruitment communication management business development,Recruiter
recruitment communication sourcing talent acquisition team system business,Recruiter
communication negotiation sourcing recruitment experience management team,Recruiter
negotiation sourcing communication interviewing tools management experience,Recruiter
talent acquisition sourcing interviewing communication experience team tools,Recruiter
negotiation sourcing talent acquisition interviewing team tools system,Recruiter
recruitment sourcing communication talent acquisition experience system development,Recruiter
communication recruitment talent acquisition interviewing management team tools,Recruiter
interviewing talent acquisition sourcing negotiation business tools system,Recruiter
interviewing sourcing talent acquisition negotiation team development project,Recruiter
talent acquisition recruitment negotiation communication project experience management,Recruiter
talent acquisition interviewing negotiation communication management team project,Recruiter
talent acquisition sourcing recruitment communication experience project business,Recruiter
negotiation communication talent acquisition interviewing system business management,Recruiter
sourcing communication talent acquisition negotiation experience system business,Recruiter
negotiation sourcing interviewing recruitment experience project management,Recruiter
interviewing negotiation talent acquisition communication business experience development,Recruiter
recruitment negotiation sourcing interviewing team system project,Recruiter
negotiation recruitment communication sourcing experience team business,Recruiter
negotiation sourcing communication talent acquisition team business experience,Recruiter
communication interviewing negotiation recruitment development team project,Recruiter
sourcing recruitment communication talent acquisition project experience development,Recruiter
recruitment communication interviewing negotiation tools team development,Recruiter
sourcing negotiation communication recruitment system experience team,Recruiter
recruitment sourcing interviewing negotiation project management tools,Recruiter
sourcing talent acquisition interviewing communication tools business team,Recruiter
recruitment communication negotiation talent acquisition business system team,Recruiter
recruitment talent acquisition communication sourcing management team experience,Recruiter
talent acquisition communication sourcing interviewing management team development,Recruiter
negotiation communication talent acquisition recruitment experience tools development,Recruiter
sourcing interviewing negotiation talent acquisition development project experience,Recruiter
sourcing communication interviewing negotiation business project development,Recruiter
sourcing communication interviewing negotiation project experience system,Recruiter
interviewing negotiation recruitment communication project development business,Recruiter
recruitment sourcing communication talent acquisition development experience project,Recruiter
interviewing recruitment sourcing negotiation team development project,Recruiter
talent acquisition sourcing interviewing communication system management development,Recruiter
talent acquisition communication recruitment interviewing project team management,Recruiter
communication negotiation talent acquisition recruitment experience tools team,Recruiter
sourcing communication recruitment negotiation business management system,Recruiter
sourcing talent acquisition recruitment communication system tools development,Recruiter
negotiation communication talent acquisition sourcing team development experience,Recruiter
interviewing talent acquisition sourcing negotiation business tools experience,Recruiter
communication sourcing talent acquisition interviewing development system experience,Recruiter
talent acquisition recruitment communication sourcing experience system business,Recruiter
interviewing sourcing talent acquisition recruitment tools team system,Recruiter
interviewing communication talent acquisition recruitment management system development,Recruiter
interviewing communication recruitment talent acquisition tools team project,Recruiter
communication negotiation talent acquisition interviewing system project team,Recruiter
talent acquisition recruitment communication sourcing project business tools,Recruiter
communication negotiation sourcing interviewing project experience business,Recruiter
negotiation sourcing recruitment interviewing project management tools,Recruiter
negotiation interviewing communication talent acquisition project management development,Recruiter
negotiation talent acquisition sourcing communication development tools system,Recruiter
interviewing sourcing recruitment negotiation management system development,Recruiter
recruitment negotiation communication talent acquisition management tools team,Recruiter
communication interviewing negotiation recruitment tools team project,Recruiter
negotiation interviewing sourcing recruitment management tools project,Recruiter
talent acquisition communication interviewing negotiation team business management,Recruiter
recruitment talent acquisition interviewing sourcing management development experience,Recruiter
talent acquisition negotiation recruitment sourcing development tools system,Recruiter
negotiation sourcing recruitment talent acquisition development system team,Recruiter
sourcing interviewing negotiation communication tools project development,Recruiter
interviewing sourcing recruitment communication tools project development,Recruiter
recruitment talent acquisition communication interviewing business team system,Recruiter
recruitment interviewing communication negotiation business management development,Recruiter
recruitment sourcing negotiation interviewing business experience management,Recruiter
sourcing interviewing communication negotiation business experience project,Recruiter
recruitment sourcing interviewing negotiation tools system management,Recruiter
sourcing recruitment communication talent acquisition business system team,Recruiter
interviewing negotiation sourcing communication tools development business,Recruiter
talent acquisition interviewing communication recruitment experience management development,Recruiter
communication talent acquisition negotiation sourcing management team tools,Recruiter
negotiation sourcing recruitment communication development business project,Recruiter
sourcing communication recruitment interviewing development management team,Recruiter
communication negotiation talent acquisition recruitment management business project,Recruiter
recruitment interviewing sourcing talent acquisition team tools management,Recruiter
interviewing communication negotiation recruitment team business experience,Recruiter
talent acquisition communication sourcing recruitment business management experience,Recruiter
interviewing sourcing communication recruitment business team development,Recruiter
communication negotiation interviewing sourcing experience tools management,Recruiter
sourcing interviewing recruitment communication project experience tools,Recruiter
communication sourcing negotiation talent acquisition system business tools,Recruiter
interviewing recruitment negotiation sourcing management team project,Recruiter
negotiation recruitment talent acquisition communication management system tools,Recruiter
recruitment negotiation sourcing communication tools team system,Recruiter
negotiation interviewing communication talent acquisition management project business,Recruiter
interviewing talent acquisition negotiation communication project system business,Recruiter
negotiation talent acquisition recruitment interviewing project team development,Recruiter
communication recruitment sourcing interviewing development management system,Recruiter
talent acquisition negotiation sourcing interviewing project system tools,Recruiter
communication interviewing sourcing recruitment development tools team,Recruiter
negotiation communication talent acquisition sourcing experience system development,Recruiter
communication interviewing talent acquisition negotiation development system tools,Recruiter
negotiation talent acquisition interviewing sourcing management business system,Recruiter
recruitment talent acquisition negotiation sourcing development management tools,Recruiter
negotiation sourcing recruitment talent acquisition experience development management,Recruiter
communication sourcing talent acquisition recruitment business tools project,Recruiter
interviewing negotiation sourcing recruitment team system development,Recruiter
negotiation communication interviewing recruitment experience development business,Recruiter
negotiation sourcing recruitment interviewing development tools management,Recruiter
talent acquisition recruitment communication negotiation experience project business,Recruiter
recruitment negotiation sourcing communication management tools business,Recruiter
talent acquisition sourcing interviewing recruitment development experience team,Recruiter
negotiation sourcing interviewing talent acquisition business tools management,Recruiter
communication talent acquisition sourcing negotiation project team system,Recruiter
interviewing communication talent acquisition sourcing business development experience,Recruiter
recruitment negotiation talent acquisition sourcing business project development,Recruiter
interviewing recruitment sourcing negotiation project experience development,Recruiter
interviewing talent acquisition recruitment negotiation tools experience project,Recruiter
interviewing communication talent acquisition recruitment experience business tools,Recruiter
recruitment interviewing negotiation sourcing project business team,Recruiter
interviewing recruitment negotiation sourcing project business development,Recruiter
sourcing negotiation recruitment talent acquisition experience system business,Recruiter
communication sourcing recruitment negotiation tools management system,Recruiter
recruitment interviewing negotiation communication experience business management,Recruiter
sourcing recruitment communication interviewing development team tools,Recruiter
interviewing communication recruitment negotiation project development system,Recruiter
communication sourcing talent acquisition interviewing business development project,Recruiter
communication interviewing recruitment sourcing project system experience,Recruiter
talent acquisition sourcing interviewing recruitment experience team business,Recruiter
recruitment talent acquisition communication sourcing system management business,Recruiter
negotiation recruitment interviewing communication development management experience,Recruiter
interviewing sourcing recruitment negotiation management experience tools,Recruiter
communication interviewing talent acquisition recruitment system management development,Recruiter
sourcing talent acquisition communication negotiation experience business project,Recruiter
interviewing recruitment talent acquisition communication management team project,Recruiter
negotiation communication sourcing recruitment system project experience,Recruiter
talent acquisition communication interviewing negotiation project experience business,Recruiter
sourcing negotiation communication interviewing system experience team,Recruiter
talent acquisition sourcing communication negotiation development system tools,Recruiter
communication sourcing interviewing negotiation tools system project,Recruiter
negotiation communication recruitment talent acquisition system development team,Recruiter
negotiation sourcing interviewing communication experience system team,Recruiter
interviewing sourcing negotiation recruitment development experience team,Recruiter
communication negotiation recruitment talent acquisition project tools development,Recruiter
interviewing talent acquisition communication recruitment management system experience,Recruiter
talent acquisition interviewing sourcing communication system business team,Recruiter
interviewing sourcing communication recruitment development business experience,Recruiter
recruitment interviewing negotiation communication project business tools,Recruiter
interviewing sourcing negotiation communication business project team,Recruiter
negotiation interviewing talent acquisition communication project management tools,Recruiter
recruitment negotiation communication interviewing tools project management,Recruiter
talent acquisition negotiation interviewing sourcing development team tools,Recruiter
communication sourcing recruitment talent acquisition development project management,Recruiter
recruitment talent acquisition sourcing negotiation tools management development,Recruiter
negotiation interviewing recruitment talent acquisition development management experience,Recruiter
sourcing talent acquisition interviewing negotiation business experience tools,Recruiter
communication talent acquisition interviewing recruitment project team business,Recruiter
communication talent acquisition sourcing interviewing project experience team,Recruiter
communication talent acquisition negotiation sourcing management system development,Recruiter
interviewing negotiation communication recruitment project team business,Recruiter
communication talent acquisition recruitment sourcing management development experience,Recruiter
recruitment talent acquisition negotiation interviewing management team business,Recruiter
interviewing talent acquisition communication sourcing system project experience,Recruiter
sourcing interviewing communication negotiation project management business,Recruiter
talent acquisition communication recruitment interviewing experience team development,Recruiter
recruitment talent acquisition sourcing communication system management business,Recruiter
communication sourcing talent acquisition negotiation project team tools,Recruiter
negotiation talent acquisition sourcing recruitment project experience system,Recruiter
interviewing talent acquisition recruitment negotiation business management tools,Recruiter
seo campaigns content branding system tools development,Marketing Executive
seo sales branding content management project tools,Marketing Executive
branding content marketing campaigns system development project,Marketing Executive
seo marketing campaigns branding experience business management,Marketing Executive
branding marketing content sales system experience team,Marketing Executive
marketing content branding sales team development tools,Marketing Executive
sales campaigns branding content management tools experience,Marketing Executive
marketing sales seo content development business system,Marketing Executive
content branding marketing campaigns management team system,Marketing Executive
content seo sales marketing development tools management,Marketing Executive
sales marketing campaigns seo team management project,Marketing Executive
content marketing seo sales experience development project,Marketing Executive
marketing sales content seo project business system,Marketing Executive
branding seo content marketing experience tools business,Marketing Executive
branding content marketing campaigns project business development,Marketing Executive
seo content marketing branding management development tools,Marketing Executive
marketing content campaigns seo management tools project,Marketing Executive
content campaigns seo sales project team experience,Marketing Executive
seo campaigns content branding project system tools,Marketing Executive
campaigns sales seo branding tools business system,Marketing Executive
marketing sales campaigns seo tools development system,Marketing Executive
content branding marketing sales business tools development,Marketing Executive
campaigns marketing content sales management development business,Marketing Executive
content seo branding marketing system experience project,Marketing Executive
marketing sales campaigns content project tools business,Marketing Executive
sales campaigns marketing content system management team,Marketing Executive
sales seo branding campaigns development system tools,Marketing Executive
seo branding content campaigns team system tools,Marketing Executive
branding marketing campaigns content project business tools,Marketing Executive
branding seo sales marketing team business project,Marketing Executive
marketing branding campaigns content system experience development,Marketing Executive
sales content seo campaigns team project business,Marketing Executive
sales marketing seo content business project system,Marketing Executive
marketing content branding campaigns tools experience team,Marketing Executive
branding campaigns seo marketing project development experience,Marketing Executive
branding seo marketing content business development management,Marketing Executive
content campaigns seo branding business tools system,Marketing Executive
sales content branding seo management project tools,Marketing Executive
branding sales content seo project team development,Marketing Executive
campaigns content marketing sales experience system business,Marketing Executive
branding campaigns content seo business project tools,Marketing Executive
seo sales branding campaigns project management tools,Marketing Executive
sales seo marketing content system tools management,Marketing Executive
marketing campaigns content branding system project team,Marketing Executive
branding seo campaigns marketing experience project management,Marketing Executive
marketing content branding seo tools team management,Marketing Executive
branding campaigns seo content management tools experience,Marketing Executive
branding content marketing seo development tools business,Marketing Executive
content campaigns seo branding system tools development,Marketing Executive
branding marketing seo campaigns development team tools,Marketing Executive
branding sales marketing campaigns tools team business,Marketing Executive
sales campaigns content marketing project tools business,Marketing Executive
marketing content campaigns seo management system business,Marketing Executive
branding marketing content seo management development business,Marketing Executive
content seo marketing campaigns project development experience,Marketing Executive
marketing seo sales content team tools system,Marketing Executive
campaigns sales branding marketing management tools experience,Marketing Executive
sales content marketing seo project development management,Marketing Executive
content branding marketing sales business experience management,Marketing Executive
content marketing seo branding business system management,Marketing Executive
marketing seo sales campaigns business team system,Marketing Executive
campaigns content marketing branding management experience team,Marketing Executive
marketing content seo sales business experience system,Marketing Executive
content seo marketing campaigns development management tools,Marketing Executive
campaigns content sales branding team system development,Marketing Executive
seo campaigns marketing sales business project system,Marketing Executive
content campaigns seo branding team management development,Marketing Executive
campaigns branding sales seo business development tools,Marketing Executive
branding content sales seo system business management,Marketing Executive
sales seo content branding management tools project,Marketing Executive
content branding marketing sales management business project,Marketing Executive
branding sales marketing content tools management business,Marketing Executive
branding seo campaigns marketing project management team,Marketing Executive
sales campaigns seo branding business project management,Marketing Executive
content seo sales campaigns management tools system,Marketing Executive
branding marketing sales content team development tools,Marketing Executive
sales seo branding content business team system,Marketing Executive
campaigns content marketing seo development management business,Marketing Executive
content branding seo marketing development system tools,Marketing Executive
marketing branding content sales management business tools,Marketing Executive
content marketing campaigns seo management development business,Marketing Executive
campaigns branding marketing content project management team,Marketing Executive
marketing branding content campaigns system project experience,Marketing Executive
sales seo marketing campaigns management project development,Marketing Executive
campaigns seo marketing content team tools development,Marketing Executive
branding seo content marketing management team experience,Marketing Executive
marketing campaigns sales branding tools business project,Marketing Executive
campaigns marketing sales seo system management project,Marketing Executive
content seo sales branding management project system,Marketing Executive
marketing branding seo sales system project development,Marketing Executive
sales marketing content branding development experience business,Marketing Executive
sales campaigns branding seo tools system management,Marketing Executive
marketing branding sales seo business experience development,Marketing Executive
campaigns marketing branding content system management development,Marketing Executive
sales content campaigns branding business tools management,Marketing Executive
seo marketing content branding tools business project,Marketing Executive
branding sales content marketing development experience business,Marketing Executive
sales content marketing branding business project team,Marketing Executive
campaigns branding sales content project business system,Marketing Executive
marketing seo sales branding business system project,Marketing Executive
marketing content sales campaigns tools team development,Marketing Executive
marketing campaigns seo sales business system experience,Marketing Executive
seo sales marketing campaigns business system development,Marketing Executive
seo campaigns branding sales development project management,Marketing Executive
seo sales branding campaigns system business project,Marketing Executive
seo content branding sales business experience team,Marketing Executive
marketing sales branding content system tools business,Marketing Executive
sales seo content marketing development management business,Marketing Executive
marketing branding seo campaigns project business team,Marketing Executive
content seo branding sales team experience development,Marketing Executive
branding marketing content campaigns development system experience,Marketing Executive
marketing campaigns sales content team experience system,Marketing Executive
sales campaigns branding seo team system project,Marketing Executive
sales branding campaigns seo development tools management,Marketing Executive
marketing branding content campaigns team system tools,Marketing Executive
campaigns marketing content sales experience management business,Marketing Executive
seo sales branding marketing tools management business,Marketing Executive
sales branding marketing seo management system experience,Marketing Executive
content sales campaigns marketing system team experience,Marketing Executive
seo content branding campaigns management tools experience,Marketing Executive
seo marketing branding content tools management project,Marketing Executive
campaigns seo content marketing team system project,Marketing Executive
marketing sales branding seo tools management system,Marketing Executive
sales branding content marketing system management development,Marketing Executive
campaigns content branding sales experience project team,Marketing Executive
branding content seo campaigns business development experience,Marketing Executive
sales seo branding content project business tools,Marketing Executive
branding campaigns content sales management experience development,Marketing Executive
content seo sales branding project team development,Marketing Executive
campaigns marketing content sales tools business team,Marketing Executive
marketing seo content campaigns project tools development,Marketing Executive
content branding sales campaigns team business system,Marketing Executive
marketing seo content branding project business tools,Marketing Executive
seo campaigns sales content tools system management,Marketing Executive
seo sales campaigns branding development management system,Marketing Executive
seo sales campaigns branding development management system,Marketing Executive
content seo sales campaigns business project tools,Marketing Executive
marketing content seo campaigns management system experience,Marketing Executive
seo marketing branding sales team system management,Marketing Executive
seo branding campaigns marketing project system tools,Marketing Executive
marketing seo sales content team system business,Marketing Executive
marketing content sales branding management system experience,Marketing Executive
branding seo campaigns sales tools business team,Marketing Executive
campaigns content seo marketing tools development business,Marketing Executive
campaigns sales branding seo tools experience business,Marketing Executive
branding content sales seo management system project,Marketing Executive
marketing content campaigns branding project experience team,Marketing Executive
sales campaigns marketing content business tools management,Marketing Executive
content seo branding sales management project development,Marketing Executive
content marketing campaigns seo development tools team,Marketing Executive
seo sales marketing campaigns experience management system,Marketing Executive
campaigns branding content seo team tools development,Marketing Executive
branding marketing sales seo project development business,Marketing Executive
branding sales content marketing management business system,Marketing Executive
sales branding marketing campaigns development tools management,Marketing Executive
seo content campaigns sales experience business project,Marketing Executive
sales branding seo marketing tools system development,Marketing Executive
content campaigns sales marketing system experience team,Marketing Executive
campaigns marketing seo content system management business,Marketing Executive
marketing seo campaigns sales business team management,Marketing Executive
branding sales marketing seo tools experience system,Marketing Executive
campaigns seo branding marketing team management tools,Marketing Executive
marketing branding campaigns seo team management system,Marketing Executive
sales campaigns seo marketing experience development team,Marketing Executive
seo content campaigns sales management system team,Marketing Executive
content campaigns seo sales tools system team,Marketing Executive
campaigns marketing branding seo system experience team,Marketing Executive
campaigns branding content marketing business tools experience,Marketing Executive
seo sales content campaigns team project system,Marketing Executive
content seo branding marketing business development team,Marketing Executive
branding seo marketing sales team development tools,Marketing Executive
content marketing branding sales system project business,Marketing Executive
marketing seo branding campaigns business system team,Marketing Executive
sales campaigns content marketing business system management,Marketing Executive
marketing seo content sales team business experience,Marketing Executive
content sales campaigns seo project team management,Marketing Executive
marketing sales seo content business management project,Marketing Executive
seo campaigns marketing sales management tools system,Marketing Executive
sales branding marketing content tools project management,Marketing Executive
branding marketing content seo development management tools,Marketing Executive
content branding marketing campaigns tools development experience,Marketing Executive
content campaigns branding seo tools system experience,Marketing Executive
campaigns marketing content sales business experience project,Marketing Executive
sales branding campaigns seo management experience project,Marketing Executive
campaigns content sales seo team development tools,Marketing Executive
marketing sales content branding development management system,Marketing Executive
branding sales marketing seo experience management project,Marketing Executive
seo campaigns content branding experience management project,Marketing Executive
campaigns branding marketing sales experience management business,Marketing Executive
campaigns marketing content branding development project tools,Marketing Executive
marketing content seo sales development tools business,Marketing Executive
content sales branding campaigns system development team,Marketing Executive
marketing content sales seo business management development,Marketing Executive
seo marketing campaigns sales business management system,Marketing Executive
seo branding marketing content project experience system,Marketing Executive
branding campaigns content sales business management team,Marketing Executive
campaigns seo branding content management system tools,Marketing Executive
sales branding campaigns marketing system development management,Marketing Executive
content branding sales campaigns business management project,Marketing Executive
content seo branding sales project tools system,Marketing Executive
communication crm negotiation sales business project development,Sales Executive
communication sales negotiation crm tools management development,Sales Executive
negotiation crm communication lead generation tools team experience,Sales Executive
sales crm lead generation communication tools experience project,Sales Executive
sales communication lead generation crm project experience team,Sales Executive
negotiation crm sales lead generation system business team,Sales Executive
negotiation crm sales lead generation development tools business,Sales Executive
lead generation negotiation communication sales project management experience,Sales Executive
communication lead generation sales crm development experience tools,Sales Executive
lead generation negotiation crm communication development system management,Sales Executive
crm communication lead generation negotiation experience tools project,Sales Executive
lead generation negotiation sales crm experience team project,Sales Executive
lead generation communication crm negotiation management development project,Sales Executive
sales lead generation communication negotiation experience tools team,Sales Executive
negotiation crm sales communication management project business,Sales Executive
crm lead generation communication negotiation management business project,Sales Executive
lead generation negotiation communication sales project development business,Sales Executive
lead generation crm communication negotiation management tools project,Sales Executive
crm lead generation sales communication management team project,Sales Executive
lead generation sales communication crm team management experience,Sales Executive
communication lead generation negotiation sales business tools team,Sales Executive
crm lead generation communication sales business management development,Sales Executive
sales crm negotiation communication business tools experience,Sales Executive
sales lead generation communication negotiation management development project,Sales Executive
communication lead generation crm negotiation experience system project,Sales Executive
communication negotiation crm lead generation project team experience,Sales Executive
lead generation sales crm communication development management business,Sales Executive
lead generation communication sales crm business experience development,Sales Executive
negotiation crm lead generation sales tools development management,Sales Executive
sales communication lead generation crm development experience system,Sales Executive
sales negotiation communication crm management team business,Sales Executive
communication sales negotiation crm development experience project,Sales Executive
negotiation crm lead generation communication management team business,Sales Executive
crm sales negotiation communication tools project team,Sales Executive
sales lead generation communication negotiation development business tools,Sales Executive
sales communication lead generation negotiation team experience tools,Sales Executive
sales lead generation crm communication tools system team,Sales Executive
communication negotiation lead generation crm team tools experience,Sales Executive
communication sales negotiation lead generation development management experience,Sales Executive
sales communication crm negotiation management system project,Sales Executive
communication lead generation crm sales tools development system,Sales Executive
negotiation sales lead generation communication development tools business,Sales Executive
lead generation negotiation crm sales development experience management,Sales Executive
sales crm communication lead generation experience team project,Sales Executive
lead generation crm sales negotiation experience management project,Sales Executive
negotiation sales communication crm management system team,Sales Executive
communication negotiation crm sales business team project,Sales Executive
sales crm communication lead generation management business system,Sales Executive
crm communication sales lead generation system project team,Sales Executive
negotiation communication sales lead generation tools project experience,Sales Executive
negotiation crm lead generation communication tools management system,Sales Executive
sales communication crm lead generation development business experience,Sales Executive
sales crm communication negotiation development business tools,Sales Executive
lead generation crm negotiation communication project experience system,Sales Executive
sales lead generation crm communication experience project business,Sales Executive
negotiation sales communication crm project tools team,Sales Executive
communication lead generation crm negotiation tools experience team,Sales Executive
sales lead generation negotiation communication development experience project,Sales Executive
communication sales lead generation crm tools business development,Sales Executive
sales communication negotiation crm team business experience,Sales Executive
crm sales lead generation communication system team project,Sales Executive
crm communication lead generation negotiation project team management,Sales Executive
communication negotiation crm lead generation project development team,Sales Executive
crm sales communication negotiation experience tools system,Sales Executive
communication sales lead generation negotiation business management development,Sales Executive
crm communication negotiation lead generation experience project business,Sales Executive
crm sales communication negotiation team business project,Sales Executive
communication lead generation sales negotiation business development tools,Sales Executive
negotiation crm sales lead generation business tools development,Sales Executive
communication crm lead generation sales management experience development,Sales Executive
negotiation crm sales lead generation team management development,Sales Executive
lead generation crm negotiation communication team development business,Sales Executive
communication sales lead generation negotiation development system project,Sales Executive
communication sales negotiation lead generation team experience tools,Sales Executive
lead generation communication negotiation crm business team management,Sales Executive
crm communication sales lead generation project team experience,Sales Executive
crm sales negotiation lead generation tools business development,Sales Executive
communication crm sales negotiation experience project management,Sales Executive
crm negotiation lead generation sales management business development,Sales Executive
crm sales communication negotiation tools development experience,Sales Executive
crm communication negotiation sales business tools development,Sales Executive
negotiation lead generation sales communication development system business,Sales Executive
crm negotiation lead generation sales team experience business,Sales Executive
lead generation negotiation communication sales project development tools,Sales Executive
communication crm lead generation negotiation development tools business,Sales Executive
communication lead generation crm sales tools team experience,Sales Executive
lead generation negotiation crm communication tools team development,Sales Executive
sales communication negotiation crm project management development,Sales Executive
communication negotiation crm lead generation team development experience,Sales Executive
sales negotiation crm communication project team system,Sales Executive
sales negotiation communication lead generation management team business,Sales Executive
crm communication sales lead generation project experience development,Sales Executive
lead generation negotiation communication crm team business experience,Sales Executive
crm lead generation sales communication experience tools business,Sales Executive
crm sales communication negotiation project system tools,Sales Executive
negotiation sales communication lead generation system business team,Sales Executive
crm negotiation communication sales business team experience,Sales Executive
communication sales lead generation negotiation system development experience,Sales Executive
sales crm communication negotiation experience tools system,Sales Executive
negotiation communication crm lead generation development business tools,Sales Executive
crm sales negotiation communication project tools team,Sales Executive
communication negotiation sales crm project experience system,Sales Executive
negotiation communication crm lead generation system tools experience,Sales Executive
communication negotiation sales lead generation experience management tools,Sales Executive
crm negotiation sales communication business team project,Sales Executive
communication sales crm lead generation experience business management,Sales Executive
lead generation sales communication negotiation experience management system,Sales Executive
lead generation sales crm communication management system development,Sales Executive
crm lead generation negotiation communication experience tools project,Sales Executive
sales lead generation negotiation crm business management tools,Sales Executive
negotiation crm sales lead generation team system development,Sales Executive
negotiation communication crm lead generation team project experience,Sales Executive
sales crm communication lead generation business management team,Sales Executive
sales communication negotiation lead generation project tools team,Sales Executive
lead generation sales communication crm business management team,Sales Executive
communication negotiation sales lead generation management experience system,Sales Executive
crm sales communication negotiation tools development team,Sales Executive
crm lead generation communication sales team project business,Sales Executive
communication sales crm negotiation team system management,Sales Executive
sales communication lead generation negotiation team development tools,Sales Executive
negotiation lead generation communication crm project tools team,Sales Executive
crm communication sales negotiation tools project management,Sales Executive
lead generation negotiation sales communication business development experience,Sales Executive
crm sales communication lead generation team management system,Sales Executive
lead generation negotiation communication sales team management experience,Sales Executive
communication sales negotiation crm management system development,Sales Executive
lead generation crm sales negotiation experience business system,Sales Executive
sales crm lead generation communication experience development system,Sales Executive
lead generation communication sales negotiation development management project,Sales Executive
crm negotiation sales lead generation experience business system,Sales Executive
sales negotiation communication crm tools project business,Sales Executive
negotiation crm sales communication experience management system,Sales Executive
lead generation negotiation communication sales business system development,Sales Executive
sales lead generation crm communication team project business,Sales Executive
lead generation crm negotiation communication experience project team,Sales Executive
negotiation sales crm lead generation development project tools,Sales Executive
lead generation crm communication negotiation development project management,Sales Executive
lead generation negotiation crm communication development team experience,Sales Executive
lead generation negotiation crm communication experience management project,Sales Executive
crm communication negotiation sales development management tools,Sales Executive
lead generation negotiation sales communication development project team,Sales Executive
lead generation communication negotiation sales project tools system,Sales Executive
crm sales lead generation negotiation team tools business,Sales Executive
lead generation negotiation sales communication development project management,Sales Executive
communication lead generation crm negotiation experience team management,Sales Executive
lead generation negotiation communication sales team tools experience,Sales Executive
negotiation sales crm communication experience team business,Sales Executive
communication negotiation lead generation sales tools team project,Sales Executive
crm sales negotiation lead generation system tools team,Sales Executive
crm lead generation communication negotiation team tools development,Sales Executive
lead generation crm sales negotiation team experience tools,Sales Executive
lead generation communication crm sales management team development,Sales Executive
negotiation lead generation communication crm project development system,Sales Executive
negotiation sales communication crm management project tools,Sales Executive
communication sales crm lead generation system tools team,Sales Executive
communication crm lead generation sales development tools experience,Sales Executive
lead generation crm sales negotiation experience system management,Sales Executive
communication sales lead generation crm management system team,Sales Executive
lead generation sales crm communication business tools experience,Sales Executive
crm negotiation lead generation communication experience team management,Sales Executive
sales crm communication lead generation system business project,Sales Executive
crm sales lead generation negotiation tools business management,Sales Executive
communication lead generation negotiation sales management project tools,Sales Executive
crm communication lead generation negotiation project experience management,Sales Executive
lead generation communication crm negotiation business tools management,Sales Executive
communication sales negotiation lead generation team project tools,Sales Executive
crm lead generation negotiation communication team experience development,Sales Executive
sales negotiation lead generation crm business team tools,Sales Executive
communication lead generation sales negotiation management development tools,Sales Executive
sales lead generation communication negotiation team management development,Sales Executive
lead generation communication crm sales team system project,Sales Executive
negotiation lead generation sales communication development management team,Sales Executive
lead generation communication negotiation sales tools business team,Sales Executive
negotiation sales communication lead generation business team tools,Sales Executive
lead generation communication crm negotiation team development system,Sales Executive
negotiation crm sales lead generation team development experience,Sales Executive
negotiation sales communication crm experience management team,Sales Executive
crm negotiation lead generation communication business tools management,Sales Executive
lead generation communication sales crm experience management tools,Sales Executive
negotiation lead generation communication crm business system tools,Sales Executive
lead generation negotiation crm sales management project business,Sales Executive
communication lead generation negotiation sales system experience project,Sales Executive
sales crm negotiation communication team business project,Sales Executive
negotiation sales communication lead generation business management team,Sales Executive
crm sales communication lead generation tools management business,Sales Executive
negotiation communication lead generation crm project team experience,Sales Executive
crm sales negotiation communication tools project team,Sales Executive
lead generation crm sales negotiation management experience project,Sales Executive
negotiation lead generation communication crm tools project business,Sales Executive
communication crm negotiation lead generation business team experience,Sales Executive
communication lead generation negotiation sales system tools project,Sales Executive
communication crm negotiation sales development business experience,Sales Executive
sales lead generation crm negotiation development tools project,Sales Executive
communication sales lead generation crm system experience development,Sales Executive
communication lead generation crm negotiation business system team,Sales Executive
sales crm negotiation communication business system development,Sales Executive
negotiation crm lead generation sales business development project,Sales Executive
communication lead generation sales negotiation experience system business,Sales Executive
communication sales negotiation lead generation team tools system,Sales Executive
negotiation crm communication sales development tools management,Sales Executive
